Date,Visitor/Neutral,Away_PTS,Home/Neutral,Home_PTS,Home/Away Winner,Winning Team,Margin of Victory
"Tue, Dec 22, 2020",Golden State Warriors,99.0,Brooklyn Nets,125.0,Home,Brooklyn Nets,26.0
"Tue, Dec 22, 2020",Los Angeles Clippers,116.0,Los Angeles Lakers,109.0,Visitor,Los Angeles Clippers,7.0
"Wed, Dec 23, 2020",Charlotte Hornets,114.0,Cleveland Cavaliers,121.0,Home,Cleveland Cavaliers,7.0
"Wed, Dec 23, 2020",New York Knicks,107.0,Indiana Pacers,121.0,Home,Indiana Pacers,14.0
"Wed, Dec 23, 2020",Miami Heat,107.0,Orlando Magic,113.0,Home,Orlando Magic,6.0
"Wed, Dec 23, 2020",Washington Wizards,107.0,Philadelphia 76ers,113.0,Home,Philadelphia 76ers,6.0
"Wed, Dec 23, 2020",New Orleans Pelicans,113.0,Toronto Raptors,99.0,Visitor,New Orleans Pelicans,14.0
"Wed, Dec 23, 2020",Milwaukee Bucks,121.0,Boston Celtics,122.0,Home,Boston Celtics,1.0
"Wed, Dec 23, 2020",Atlanta Hawks,124.0,Chicago Bulls,104.0,Visitor,Atlanta Hawks,20.0
"Wed, Dec 23, 2020",San Antonio Spurs,131.0,Memphis Grizzlies,119.0,Visitor,San Antonio Spurs,12.0
"Wed, Dec 23, 2020",Detroit Pistons,101.0,Minnesota Timberwolves,111.0,Home,Minnesota Timberwolves,10.0
"Wed, Dec 23, 2020",Sacramento Kings,124.0,Denver Nuggets,122.0,Visitor,Sacramento Kings,2.0
"Wed, Dec 23, 2020",Utah Jazz,120.0,Portland Trail Blazers,100.0,Visitor,Utah Jazz,20.0
"Wed, Dec 23, 2020",Dallas Mavericks,102.0,Phoenix Suns,106.0,Home,Phoenix Suns,4.0
"Fri, Dec 25, 2020",New Orleans Pelicans,98.0,Miami Heat,111.0,Home,Miami Heat,13.0
"Fri, Dec 25, 2020",Golden State Warriors,99.0,Milwaukee Bucks,138.0,Home,Milwaukee Bucks,39.0
"Fri, Dec 25, 2020",Brooklyn Nets,123.0,Boston Celtics,95.0,Visitor,Brooklyn Nets,28.0
"Fri, Dec 25, 2020",Dallas Mavericks,115.0,Los Angeles Lakers,138.0,Home,Los Angeles Lakers,23.0
"Fri, Dec 25, 2020",Los Angeles Clippers,121.0,Denver Nuggets,108.0,Visitor,Los Angeles Clippers,13.0
"Sat, Dec 26, 2020",Atlanta Hawks,122.0,Memphis Grizzlies,112.0,Visitor,Atlanta Hawks,10.0
"Sat, Dec 26, 2020",Oklahoma City Thunder,109.0,Charlotte Hornets,107.0,Visitor,Oklahoma City Thunder,2.0
"Sat, Dec 26, 2020",Cleveland Cavaliers,128.0,Detroit Pistons,119.0,Visitor,Cleveland Cavaliers,9.0
"Sat, Dec 26, 2020",Orlando Magic,130.0,Washington Wizards,120.0,Visitor,Orlando Magic,10.0
"Sat, Dec 26, 2020",Philadelphia 76ers,109.0,New York Knicks,89.0,Visitor,Philadelphia 76ers,20.0
"Sat, Dec 26, 2020",Indiana Pacers,125.0,Chicago Bulls,106.0,Visitor,Indiana Pacers,19.0
"Sat, Dec 26, 2020",Toronto Raptors,114.0,San Antonio Spurs,119.0,Home,San Antonio Spurs,5.0
"Sat, Dec 26, 2020",Minnesota Timberwolves,116.0,Utah Jazz,111.0,Visitor,Minnesota Timberwolves,5.0
"Sat, Dec 26, 2020",Houston Rockets,126.0,Portland Trail Blazers,128.0,Home,Portland Trail Blazers,2.0
"Sat, Dec 26, 2020",Phoenix Suns,103.0,Sacramento Kings,106.0,Home,Sacramento Kings,3.0
"Sun, Dec 27, 2020",Dallas Mavericks,124.0,Los Angeles Clippers,73.0,Visitor,Dallas Mavericks,51.0
"Sun, Dec 27, 2020",San Antonio Spurs,95.0,New Orleans Pelicans,98.0,Home,New Orleans Pelicans,3.0
"Sun, Dec 27, 2020",Orlando Magic,120.0,Washington Wizards,113.0,Visitor,Orlando Magic,7.0
"Sun, Dec 27, 2020",Brooklyn Nets,104.0,Charlotte Hornets,106.0,Home,Charlotte Hornets,2.0
"Sun, Dec 27, 2020",Philadelphia 76ers,94.0,Cleveland Cavaliers,118.0,Home,Cleveland Cavaliers,24.0
"Sun, Dec 27, 2020",Milwaukee Bucks,110.0,New York Knicks,130.0,Home,New York Knicks,20.0
"Sun, Dec 27, 2020",Boston Celtics,107.0,Indiana Pacers,108.0,Home,Indiana Pacers,1.0
"Sun, Dec 27, 2020",Golden State Warriors,129.0,Chicago Bulls,128.0,Visitor,Golden State Warriors,1.0
"Sun, Dec 27, 2020",Phoenix Suns,116.0,Sacramento Kings,100.0,Visitor,Phoenix Suns,16.0
"Sun, Dec 27, 2020",Minnesota Timberwolves,91.0,Los Angeles Lakers,127.0,Home,Los Angeles Lakers,36.0
"Mon, Dec 28, 2020",Memphis Grizzlies,116.0,Brooklyn Nets,111.0,Visitor,Memphis Grizzlies,5.0
"Mon, Dec 28, 2020",Detroit Pistons,120.0,Atlanta Hawks,128.0,Home,Atlanta Hawks,8.0
"Mon, Dec 28, 2020",Utah Jazz,110.0,Oklahoma City Thunder,109.0,Visitor,Utah Jazz,1.0
"Mon, Dec 28, 2020",Houston Rockets,111.0,Denver Nuggets,124.0,Home,Denver Nuggets,13.0
"Mon, Dec 28, 2020",Portland Trail Blazers,115.0,Los Angeles Lakers,107.0,Visitor,Portland Trail Blazers,8.0
"Tue, Dec 29, 2020",New York Knicks,95.0,Cleveland Cavaliers,86.0,Visitor,New York Knicks,9.0
"Tue, Dec 29, 2020",Golden State Warriors,116.0,Detroit Pistons,106.0,Visitor,Golden State Warriors,10.0
"Tue, Dec 29, 2020",Boston Celtics,116.0,Indiana Pacers,111.0,Visitor,Boston Celtics,5.0
"Tue, Dec 29, 2020",Chicago Bulls,115.0,Washington Wizards,107.0,Visitor,Chicago Bulls,8.0
"Tue, Dec 29, 2020",Toronto Raptors,93.0,Philadelphia 76ers,100.0,Home,Philadelphia 76ers,7.0
"Tue, Dec 29, 2020",Milwaukee Bucks,144.0,Miami Heat,97.0,Visitor,Milwaukee Bucks,47.0
"Tue, Dec 29, 2020",Orlando Magic,118.0,Oklahoma City Thunder,107.0,Visitor,Orlando Magic,11.0
"Tue, Dec 29, 2020",New Orleans Pelicans,86.0,Phoenix Suns,111.0,Home,Phoenix Suns,25.0
"Tue, Dec 29, 2020",Denver Nuggets,115.0,Sacramento Kings,125.0,Home,Sacramento Kings,10.0
"Tue, Dec 29, 2020",Minnesota Timberwolves,101.0,Los Angeles Clippers,124.0,Home,Los Angeles Clippers,23.0
"Wed, Dec 30, 2020",Milwaukee Bucks,108.0,Miami Heat,119.0,Home,Miami Heat,11.0
"Wed, Dec 30, 2020",Atlanta Hawks,141.0,Brooklyn Nets,145.0,Home,Brooklyn Nets,4.0
"Wed, Dec 30, 2020",Memphis Grizzlies,107.0,Boston Celtics,126.0,Home,Boston Celtics,19.0
"Wed, Dec 30, 2020",Charlotte Hornets,118.0,Dallas Mavericks,99.0,Visitor,Charlotte Hornets,19.0
"Wed, Dec 30, 2020",Los Angeles Lakers,121.0,San Antonio Spurs,107.0,Visitor,Los Angeles Lakers,14.0
"Wed, Dec 30, 2020",Portland Trail Blazers,105.0,Los Angeles Clippers,128.0,Home,Los Angeles Clippers,23.0
"Thu, Dec 31, 2020",Cleveland Cavaliers,99.0,Indiana Pacers,119.0,Home,Indiana Pacers,20.0
"Thu, Dec 31, 2020",Chicago Bulls,133.0,Washington Wizards,130.0,Visitor,Chicago Bulls,3.0
"Thu, Dec 31, 2020",Philadelphia 76ers,116.0,Orlando Magic,92.0,Visitor,Philadelphia 76ers,24.0
"Thu, Dec 31, 2020",Sacramento Kings,119.0,Houston Rockets,122.0,Home,Houston Rockets,3.0
"Thu, Dec 31, 2020",New York Knicks,83.0,Toronto Raptors,100.0,Home,Toronto Raptors,17.0
"Thu, Dec 31, 2020",New Orleans Pelicans,113.0,Oklahoma City Thunder,80.0,Visitor,New Orleans Pelicans,33.0
"Thu, Dec 31, 2020",Phoenix Suns,106.0,Utah Jazz,95.0,Visitor,Phoenix Suns,11.0
"Fri, Jan 1, 2021",Memphis Grizzlies,108.0,Charlotte Hornets,93.0,Visitor,Memphis Grizzlies,15.0
"Fri, Jan 1, 2021",Miami Heat,83.0,Dallas Mavericks,93.0,Home,Dallas Mavericks,10.0
"Fri, Jan 1, 2021",Boston Celtics,93.0,Detroit Pistons,96.0,Home,Detroit Pistons,3.0
"Fri, Jan 1, 2021",Atlanta Hawks,114.0,Brooklyn Nets,96.0,Visitor,Atlanta Hawks,18.0
"Fri, Jan 1, 2021",Chicago Bulls,96.0,Milwaukee Bucks,126.0,Home,Milwaukee Bucks,30.0
"Fri, Jan 1, 2021",Washington Wizards,130.0,Minnesota Timberwolves,109.0,Visitor,Washington Wizards,21.0
"Fri, Jan 1, 2021",Los Angeles Lakers,109.0,San Antonio Spurs,103.0,Visitor,Los Angeles Lakers,6.0
"Fri, Jan 1, 2021",Phoenix Suns,106.0,Denver Nuggets,103.0,Visitor,Phoenix Suns,3.0
"Fri, Jan 1, 2021",Los Angeles Clippers,100.0,Utah Jazz,106.0,Home,Utah Jazz,6.0
"Fri, Jan 1, 2021",Portland Trail Blazers,123.0,Golden State Warriors,98.0,Visitor,Portland Trail Blazers,25.0
"Sat, Jan 2, 2021",Sacramento Kings,94.0,Houston Rockets,102.0,Home,Houston Rockets,8.0
"Sat, Jan 2, 2021",New York Knicks,106.0,Indiana Pacers,102.0,Visitor,New York Knicks,4.0
"Sat, Jan 2, 2021",Oklahoma City Thunder,108.0,Orlando Magic,99.0,Visitor,Oklahoma City Thunder,9.0
"Sat, Jan 2, 2021",Charlotte Hornets,112.0,Philadelphia 76ers,127.0,Home,Philadelphia 76ers,15.0
"Sat, Jan 2, 2021",Cleveland Cavaliers,96.0,Atlanta Hawks,91.0,Visitor,Cleveland Cavaliers,5.0
"Sat, Jan 2, 2021",Toronto Raptors,116.0,New Orleans Pelicans,120.0,Home,New Orleans Pelicans,4.0
"Sun, Jan 3, 2021",Boston Celtics,122.0,Detroit Pistons,120.0,Visitor,Boston Celtics,2.0
"Sun, Jan 3, 2021",Washington Wizards,123.0,Brooklyn Nets,122.0,Visitor,Washington Wizards,1.0
"Sun, Jan 3, 2021",Los Angeles Lakers,108.0,Memphis Grizzlies,94.0,Visitor,Los Angeles Lakers,14.0
"Sun, Jan 3, 2021",Denver Nuggets,124.0,Minnesota Timberwolves,109.0,Visitor,Denver Nuggets,15.0
"Sun, Jan 3, 2021",Utah Jazz,130.0,San Antonio Spurs,109.0,Visitor,Utah Jazz,21.0
"Sun, Jan 3, 2021",Dallas Mavericks,108.0,Chicago Bulls,118.0,Home,Chicago Bulls,10.0
"Sun, Jan 3, 2021",Los Angeles Clippers,112.0,Phoenix Suns,107.0,Visitor,Los Angeles Clippers,5.0
"Sun, Jan 3, 2021",Portland Trail Blazers,122.0,Golden State Warriors,137.0,Home,Golden State Warriors,15.0
"Mon, Jan 4, 2021",Cleveland Cavaliers,83.0,Orlando Magic,103.0,Home,Orlando Magic,20.0
"Mon, Jan 4, 2021",Charlotte Hornets,101.0,Philadelphia 76ers,118.0,Home,Philadelphia 76ers,17.0
"Mon, Jan 4, 2021",New York Knicks,113.0,Atlanta Hawks,108.0,Visitor,New York Knicks,5.0
"Mon, Jan 4, 2021",Oklahoma City Thunder,90.0,Miami Heat,118.0,Home,Miami Heat,28.0
"Mon, Jan 4, 2021",Boston Celtics,126.0,Toronto Raptors,114.0,Visitor,Boston Celtics,12.0
"Mon, Jan 4, 2021",Dallas Mavericks,113.0,Houston Rockets,100.0,Visitor,Dallas Mavericks,13.0
"Mon, Jan 4, 2021",Detroit Pistons,115.0,Milwaukee Bucks,125.0,Home,Milwaukee Bucks,10.0
"Mon, Jan 4, 2021",Indiana Pacers,118.0,New Orleans Pelicans,116.0,Visitor,Indiana Pacers,2.0
"Mon, Jan 4, 2021",Sacramento Kings,106.0,Golden State Warriors,137.0,Home,Golden State Warriors,31.0
"Tue, Jan 5, 2021",Utah Jazz,96.0,Brooklyn Nets,130.0,Home,Brooklyn Nets,34.0
"Tue, Jan 5, 2021",Los Angeles Lakers,94.0,Memphis Grizzlies,92.0,Visitor,Los Angeles Lakers,2.0
"Tue, Jan 5, 2021",Minnesota Timberwolves,116.0,Denver Nuggets,123.0,Home,Denver Nuggets,7.0
"Tue, Jan 5, 2021",San Antonio Spurs,116.0,Los Angeles Clippers,113.0,Visitor,San Antonio Spurs,3.0
"Tue, Jan 5, 2021",Chicago Bulls,111.0,Portland Trail Blazers,108.0,Visitor,Chicago Bulls,3.0
"Wed, Jan 6, 2021",Houston Rockets,107.0,Indiana Pacers,114.0,Home,Indiana Pacers,7.0
"Wed, Jan 6, 2021",Cleveland Cavaliers,94.0,Orlando Magic,105.0,Home,Orlando Magic,11.0
"Wed, Jan 6, 2021",Washington Wizards,136.0,Philadelphia 76ers,141.0,Home,Philadelphia 76ers,5.0
"Wed, Jan 6, 2021",Charlotte Hornets,102.0,Atlanta Hawks,94.0,Visitor,Charlotte Hornets,8.0
"Wed, Jan 6, 2021",Boston Celtics,107.0,Miami Heat,105.0,Visitor,Boston Celtics,2.0
"Wed, Jan 6, 2021",Utah Jazz,100.0,New York Knicks,112.0,Home,New York Knicks,12.0
"Wed, Jan 6, 2021",Detroit Pistons,115.0,Milwaukee Bucks,130.0,Home,Milwaukee Bucks,15.0
"Wed, Jan 6, 2021",Oklahoma City Thunder,111.0,New Orleans Pelicans,110.0,Visitor,Oklahoma City Thunder,1.0
"Wed, Jan 6, 2021",Toronto Raptors,115.0,Phoenix Suns,123.0,Home,Phoenix Suns,8.0
"Wed, Jan 6, 2021",Los Angeles Clippers,108.0,Golden State Warriors,101.0,Visitor,Los Angeles Clippers,7.0
"Wed, Jan 6, 2021",Chicago Bulls,124.0,Sacramento Kings,128.0,Home,Sacramento Kings,4.0
"Thu, Jan 7, 2021",Philadelphia 76ers,109.0,Brooklyn Nets,122.0,Home,Brooklyn Nets,13.0
"Thu, Jan 7, 2021",Cleveland Cavaliers,94.0,Memphis Grizzlies,90.0,Visitor,Cleveland Cavaliers,4.0
"Thu, Jan 7, 2021",Dallas Mavericks,124.0,Denver Nuggets,117.0,Visitor,Dallas Mavericks,7.0
"Thu, Jan 7, 2021",San Antonio Spurs,118.0,Los Angeles Lakers,109.0,Visitor,San Antonio Spurs,9.0
"Thu, Jan 7, 2021",Minnesota Timberwolves,117.0,Portland Trail Blazers,135.0,Home,Portland Trail Blazers,18.0
"Fri, Jan 8, 2021",Phoenix Suns,105.0,Detroit Pistons,110.0,Home,Detroit Pistons,5.0
"Fri, Jan 8, 2021",Washington Wizards,107.0,Boston Celtics,116.0,Home,Boston Celtics,9.0
"Fri, Jan 8, 2021",Charlotte Hornets,118.0,New Orleans Pelicans,110.0,Visitor,Charlotte Hornets,8.0
"Fri, Jan 8, 2021",Oklahoma City Thunder,101.0,New York Knicks,89.0,Visitor,Oklahoma City Thunder,12.0
"Fri, Jan 8, 2021",Orlando Magic,90.0,Houston Rockets,132.0,Home,Houston Rockets,42.0
"Fri, Jan 8, 2021",Brooklyn Nets,110.0,Memphis Grizzlies,115.0,Home,Memphis Grizzlies,5.0
"Fri, Jan 8, 2021",Utah Jazz,131.0,Milwaukee Bucks,118.0,Visitor,Utah Jazz,13.0
"Fri, Jan 8, 2021",Los Angeles Clippers,105.0,Golden State Warriors,115.0,Home,Golden State Warriors,10.0
"Fri, Jan 8, 2021",Chicago Bulls,115.0,Los Angeles Lakers,117.0,Home,Los Angeles Lakers,2.0
"Fri, Jan 8, 2021",Toronto Raptors,144.0,Sacramento Kings,123.0,Visitor,Toronto Raptors,21.0
"Sat, Jan 9, 2021",Denver Nuggets,115.0,Philadelphia 76ers,103.0,Visitor,Denver Nuggets,12.0
"Sat, Jan 9, 2021",Atlanta Hawks,105.0,Charlotte Hornets,113.0,Home,Charlotte Hornets,8.0
"Sat, Jan 9, 2021",Phoenix Suns,125.0,Indiana Pacers,117.0,Visitor,Phoenix Suns,8.0
"Sat, Jan 9, 2021",Miami Heat,128.0,Washington Wizards,124.0,Visitor,Miami Heat,4.0
"Sat, Jan 9, 2021",Cleveland Cavaliers,90.0,Milwaukee Bucks,100.0,Home,Milwaukee Bucks,10.0
"Sat, Jan 9, 2021",San Antonio Spurs,125.0,Minnesota Timberwolves,122.0,Visitor,San Antonio Spurs,3.0
"Sat, Jan 9, 2021",Orlando Magic,98.0,Dallas Mavericks,112.0,Home,Dallas Mavericks,14.0
"Sat, Jan 9, 2021",Portland Trail Blazers,125.0,Sacramento Kings,99.0,Visitor,Portland Trail Blazers,26.0
"Sun, Jan 10, 2021",Utah Jazz,96.0,Detroit Pistons,86.0,Visitor,Utah Jazz,10.0
"Sun, Jan 10, 2021",Chicago Bulls,127.0,Los Angeles Clippers,130.0,Home,Los Angeles Clippers,3.0
"Sun, Jan 10, 2021",Oklahoma City Thunder,129.0,Brooklyn Nets,116.0,Visitor,Oklahoma City Thunder,13.0
"Sun, Jan 10, 2021",Denver Nuggets,114.0,New York Knicks,89.0,Visitor,Denver Nuggets,25.0
"Sun, Jan 10, 2021",Los Angeles Lakers,120.0,Houston Rockets,102.0,Visitor,Los Angeles Lakers,18.0
"Sun, Jan 10, 2021",San Antonio Spurs,88.0,Minnesota Timberwolves,96.0,Home,Minnesota Timberwolves,8.0
"Sun, Jan 10, 2021",Toronto Raptors,105.0,Golden State Warriors,106.0,Home,Golden State Warriors,1.0
"Mon, Jan 11, 2021",New York Knicks,88.0,Charlotte Hornets,109.0,Home,Charlotte Hornets,21.0
"Mon, Jan 11, 2021",Memphis Grizzlies,101.0,Cleveland Cavaliers,91.0,Visitor,Memphis Grizzlies,10.0
"Mon, Jan 11, 2021",Milwaukee Bucks,121.0,Orlando Magic,99.0,Visitor,Milwaukee Bucks,22.0
"Mon, Jan 11, 2021",Phoenix Suns,107.0,Washington Wizards,128.0,Home,Washington Wizards,21.0
"Mon, Jan 11, 2021",Philadelphia 76ers,94.0,Atlanta Hawks,112.0,Home,Atlanta Hawks,18.0
"Mon, Jan 11, 2021",Toronto Raptors,111.0,Portland Trail Blazers,112.0,Home,Portland Trail Blazers,1.0
"Mon, Jan 11, 2021",Indiana Pacers,122.0,Sacramento Kings,127.0,Home,Sacramento Kings,5.0
"Tue, Jan 12, 2021",Miami Heat,134.0,Philadelphia 76ers,137.0,Home,Philadelphia 76ers,3.0
"Tue, Jan 12, 2021",Denver Nuggets,116.0,Brooklyn Nets,122.0,Home,Brooklyn Nets,6.0
"Tue, Jan 12, 2021",Utah Jazz,117.0,Cleveland Cavaliers,87.0,Visitor,Utah Jazz,30.0
"Tue, Jan 12, 2021",Los Angeles Lakers,117.0,Houston Rockets,100.0,Visitor,Los Angeles Lakers,17.0
"Tue, Jan 12, 2021",San Antonio Spurs,112.0,Oklahoma City Thunder,102.0,Visitor,San Antonio Spurs,10.0
"Tue, Jan 12, 2021",Indiana Pacers,104.0,Golden State Warriors,95.0,Visitor,Indiana Pacers,9.0
"Wed, Jan 13, 2021",Dallas Mavericks,104.0,Charlotte Hornets,93.0,Visitor,Dallas Mavericks,11.0
"Wed, Jan 13, 2021",Milwaukee Bucks,110.0,Detroit Pistons,101.0,Visitor,Milwaukee Bucks,9.0
"Wed, Jan 13, 2021",Brooklyn Nets,116.0,New York Knicks,109.0,Visitor,Brooklyn Nets,7.0
"Wed, Jan 13, 2021",Memphis Grizzlies,118.0,Minnesota Timberwolves,107.0,Visitor,Memphis Grizzlies,11.0
"Wed, Jan 13, 2021",Los Angeles Lakers,128.0,Oklahoma City Thunder,99.0,Visitor,Los Angeles Lakers,29.0
"Wed, Jan 13, 2021",New Orleans Pelicans,106.0,Los Angeles Clippers,111.0,Home,Los Angeles Clippers,5.0
"Wed, Jan 13, 2021",Portland Trail Blazers,132.0,Sacramento Kings,126.0,Visitor,Portland Trail Blazers,6.0
"Thu, Jan 14, 2021",Miami Heat,108.0,Philadelphia 76ers,125.0,Home,Philadelphia 76ers,17.0
"Thu, Jan 14, 2021",Houston Rockets,109.0,San Antonio Spurs,105.0,Visitor,Houston Rockets,4.0
"Thu, Jan 14, 2021",Charlotte Hornets,108.0,Toronto Raptors,111.0,Home,Toronto Raptors,3.0
"Thu, Jan 14, 2021",Golden State Warriors,104.0,Denver Nuggets,114.0,Home,Denver Nuggets,10.0
"Thu, Jan 14, 2021",Indiana Pacers,111.0,Portland Trail Blazers,87.0,Visitor,Indiana Pacers,24.0
"Fri, Jan 15, 2021",Orlando Magic,97.0,Boston Celtics,124.0,Home,Boston Celtics,27.0
"Fri, Jan 15, 2021",New York Knicks,103.0,Cleveland Cavaliers,106.0,Home,Cleveland Cavaliers,3.0
"Fri, Jan 15, 2021",Dallas Mavericks,109.0,Milwaukee Bucks,112.0,Home,Milwaukee Bucks,3.0
"Fri, Jan 15, 2021",Chicago Bulls,125.0,Oklahoma City Thunder,127.0,Home,Oklahoma City Thunder,2.0
"Fri, Jan 15, 2021",Atlanta Hawks,92.0,Utah Jazz,116.0,Home,Utah Jazz,24.0
"Fri, Jan 15, 2021",New Orleans Pelicans,95.0,Los Angeles Lakers,112.0,Home,Los Angeles Lakers,17.0
"Fri, Jan 15, 2021",Los Angeles Clippers,138.0,Sacramento Kings,100.0,Visitor,Los Angeles Clippers,38.0
"Sat, Jan 16, 2021",Houston Rockets,91.0,San Antonio Spurs,103.0,Home,San Antonio Spurs,12.0
"Sat, Jan 16, 2021",Orlando Magic,115.0,Brooklyn Nets,122.0,Home,Brooklyn Nets,7.0
"Sat, Jan 16, 2021",Charlotte Hornets,113.0,Toronto Raptors,116.0,Home,Toronto Raptors,3.0
"Sat, Jan 16, 2021",Philadelphia 76ers,104.0,Memphis Grizzlies,106.0,Home,Memphis Grizzlies,2.0
"Sat, Jan 16, 2021",Detroit Pistons,120.0,Miami Heat,100.0,Visitor,Detroit Pistons,20.0
"Sat, Jan 16, 2021",Atlanta Hawks,106.0,Portland Trail Blazers,112.0,Home,Portland Trail Blazers,6.0
"Sun, Jan 17, 2021",New York Knicks,105.0,Boston Celtics,75.0,Visitor,New York Knicks,30.0
"Sun, Jan 17, 2021",Chicago Bulls,117.0,Dallas Mavericks,101.0,Visitor,Chicago Bulls,16.0
"Sun, Jan 17, 2021",Utah Jazz,109.0,Denver Nuggets,105.0,Visitor,Utah Jazz,4.0
"Sun, Jan 17, 2021",New Orleans Pelicans,128.0,Sacramento Kings,123.0,Visitor,New Orleans Pelicans,5.0
"Sun, Jan 17, 2021",Indiana Pacers,96.0,Los Angeles Clippers,129.0,Home,Los Angeles Clippers,33.0
"Mon, Jan 18, 2021",Orlando Magic,84.0,New York Knicks,91.0,Home,New York Knicks,7.0
"Mon, Jan 18, 2021",Minnesota Timberwolves,97.0,Atlanta Hawks,108.0,Home,Atlanta Hawks,11.0
"Mon, Jan 18, 2021",San Antonio Spurs,125.0,Portland Trail Blazers,104.0,Visitor,San Antonio Spurs,21.0
"Mon, Jan 18, 2021",Phoenix Suns,104.0,Memphis Grizzlies,108.0,Home,Memphis Grizzlies,4.0
"Mon, Jan 18, 2021",Milwaukee Bucks,123.0,Brooklyn Nets,125.0,Home,Brooklyn Nets,2.0
"Mon, Jan 18, 2021",Dallas Mavericks,93.0,Toronto Raptors,116.0,Home,Toronto Raptors,23.0
"Mon, Jan 18, 2021",Houston Rockets,120.0,Chicago Bulls,125.0,Home,Chicago Bulls,5.0
"Mon, Jan 18, 2021",Detroit Pistons,107.0,Miami Heat,113.0,Home,Miami Heat,6.0
"Mon, Jan 18, 2021",Golden State Warriors,115.0,Los Angeles Lakers,113.0,Visitor,Golden State Warriors,2.0
"Tue, Jan 19, 2021",Oklahoma City Thunder,101.0,Denver Nuggets,119.0,Home,Denver Nuggets,18.0
"Tue, Jan 19, 2021",New Orleans Pelicans,102.0,Utah Jazz,118.0,Home,Utah Jazz,16.0
"Wed, Jan 20, 2021",Brooklyn Nets,135.0,Cleveland Cavaliers,147.0,Home,Cleveland Cavaliers,12.0
"Wed, Jan 20, 2021",Dallas Mavericks,124.0,Indiana Pacers,112.0,Visitor,Dallas Mavericks,12.0
"Wed, Jan 20, 2021",Boston Celtics,109.0,Philadelphia 76ers,117.0,Home,Philadelphia 76ers,8.0
"Wed, Jan 20, 2021",Detroit Pistons,115.0,Atlanta Hawks,123.0,Home,Atlanta Hawks,8.0
"Wed, Jan 20, 2021",Miami Heat,111.0,Toronto Raptors,102.0,Visitor,Miami Heat,9.0
"Wed, Jan 20, 2021",Orlando Magic,97.0,Minnesota Timberwolves,96.0,Visitor,Orlando Magic,1.0
"Wed, Jan 20, 2021",Phoenix Suns,109.0,Houston Rockets,103.0,Visitor,Phoenix Suns,6.0
"Wed, Jan 20, 2021",San Antonio Spurs,99.0,Golden State Warriors,121.0,Home,Golden State Warriors,22.0
"Wed, Jan 20, 2021",Sacramento Kings,96.0,Los Angeles Clippers,115.0,Home,Los Angeles Clippers,19.0
"Thu, Jan 21, 2021",Los Angeles Lakers,113.0,Milwaukee Bucks,106.0,Visitor,Los Angeles Lakers,7.0
"Thu, Jan 21, 2021",New York Knicks,119.0,Golden State Warriors,104.0,Visitor,New York Knicks,15.0
"Thu, Jan 21, 2021",New Orleans Pelicans,118.0,Utah Jazz,129.0,Home,Utah Jazz,11.0
"Fri, Jan 22, 2021",Chicago Bulls,123.0,Charlotte Hornets,110.0,Visitor,Chicago Bulls,13.0
"Fri, Jan 22, 2021",Houston Rockets,103.0,Detroit Pistons,102.0,Visitor,Houston Rockets,1.0
"Fri, Jan 22, 2021",Orlando Magic,118.0,Indiana Pacers,120.0,Home,Indiana Pacers,2.0
"Fri, Jan 22, 2021",Brooklyn Nets,113.0,Cleveland Cavaliers,125.0,Home,Cleveland Cavaliers,12.0
"Fri, Jan 22, 2021",Boston Celtics,110.0,Philadelphia 76ers,122.0,Home,Philadelphia 76ers,12.0
"Fri, Jan 22, 2021",Miami Heat,81.0,Toronto Raptors,101.0,Home,Toronto Raptors,20.0
"Fri, Jan 22, 2021",Atlanta Hawks,116.0,Minnesota Timberwolves,98.0,Visitor,Atlanta Hawks,18.0
"Fri, Jan 22, 2021",Dallas Mavericks,122.0,San Antonio Spurs,117.0,Visitor,Dallas Mavericks,5.0
"Fri, Jan 22, 2021",Oklahoma City Thunder,106.0,Los Angeles Clippers,120.0,Home,Los Angeles Clippers,14.0
"Fri, Jan 22, 2021",Denver Nuggets,130.0,Phoenix Suns,126.0,Visitor,Denver Nuggets,4.0
"Fri, Jan 22, 2021",New York Knicks,94.0,Sacramento Kings,103.0,Home,Sacramento Kings,9.0
"Sat, Jan 23, 2021",Miami Heat,124.0,Brooklyn Nets,128.0,Home,Brooklyn Nets,4.0
"Sat, Jan 23, 2021",Philadelphia 76ers,114.0,Detroit Pistons,110.0,Visitor,Philadelphia 76ers,4.0
"Sat, Jan 23, 2021",New Orleans Pelicans,110.0,Minnesota Timberwolves,120.0,Home,Minnesota Timberwolves,10.0
"Sat, Jan 23, 2021",Los Angeles Lakers,101.0,Chicago Bulls,90.0,Visitor,Los Angeles Lakers,11.0
"Sat, Jan 23, 2021",Houston Rockets,133.0,Dallas Mavericks,108.0,Visitor,Houston Rockets,25.0
"Sat, Jan 23, 2021",Denver Nuggets,120.0,Phoenix Suns,112.0,Visitor,Denver Nuggets,8.0
"Sat, Jan 23, 2021",Golden State Warriors,108.0,Utah Jazz,127.0,Home,Utah Jazz,19.0
"Sun, Jan 24, 2021",Toronto Raptors,107.0,Indiana Pacers,102.0,Visitor,Toronto Raptors,5.0
"Sun, Jan 24, 2021",Oklahoma City Thunder,100.0,Los Angeles Clippers,108.0,Home,Los Angeles Clippers,8.0
"Sun, Jan 24, 2021",Cleveland Cavaliers,103.0,Boston Celtics,141.0,Home,Boston Celtics,38.0
"Sun, Jan 24, 2021",Charlotte Hornets,107.0,Orlando Magic,104.0,Visitor,Charlotte Hornets,3.0
"Sun, Jan 24, 2021",Atlanta Hawks,115.0,Milwaukee Bucks,129.0,Home,Milwaukee Bucks,14.0
"Sun, Jan 24, 2021",Washington Wizards,101.0,San Antonio Spurs,121.0,Home,San Antonio Spurs,20.0
"Sun, Jan 24, 2021",New York Knicks,113.0,Portland Trail Blazers,116.0,Home,Portland Trail Blazers,3.0
"Mon, Jan 25, 2021",Philadelphia 76ers,104.0,Detroit Pistons,119.0,Home,Detroit Pistons,15.0
"Mon, Jan 25, 2021",Toronto Raptors,114.0,Indiana Pacers,129.0,Home,Indiana Pacers,15.0
"Mon, Jan 25, 2021",Charlotte Hornets,108.0,Orlando Magic,117.0,Home,Orlando Magic,9.0
"Mon, Jan 25, 2021",Miami Heat,85.0,Brooklyn Nets,98.0,Home,Brooklyn Nets,13.0
"Mon, Jan 25, 2021",Los Angeles Lakers,115.0,Cleveland Cavaliers,108.0,Visitor,Los Angeles Lakers,7.0
"Mon, Jan 25, 2021",Denver Nuggets,117.0,Dallas Mavericks,113.0,Visitor,Denver Nuggets,4.0
"Mon, Jan 25, 2021",Boston Celtics,119.0,Chicago Bulls,103.0,Visitor,Boston Celtics,16.0
"Mon, Jan 25, 2021",Minnesota Timberwolves,108.0,Golden State Warriors,130.0,Home,Golden State Warriors,22.0
"Mon, Jan 25, 2021",Oklahoma City Thunder,125.0,Portland Trail Blazers,122.0,Visitor,Oklahoma City Thunder,3.0
"Tue, Jan 26, 2021",Los Angeles Clippers,99.0,Atlanta Hawks,108.0,Home,Atlanta Hawks,9.0
"Tue, Jan 26, 2021",Washington Wizards,88.0,Houston Rockets,107.0,Home,Houston Rockets,19.0
"Tue, Jan 26, 2021",New York Knicks,94.0,Utah Jazz,108.0,Home,Utah Jazz,14.0
"Wed, Jan 27, 2021",Indiana Pacers,116.0,Charlotte Hornets,106.0,Visitor,Indiana Pacers,10.0
"Wed, Jan 27, 2021",Detroit Pistons,107.0,Cleveland Cavaliers,122.0,Home,Cleveland Cavaliers,15.0
"Wed, Jan 27, 2021",Sacramento Kings,121.0,Orlando Magic,107.0,Visitor,Sacramento Kings,14.0
"Wed, Jan 27, 2021",Brooklyn Nets,132.0,Atlanta Hawks,128.0,Visitor,Brooklyn Nets,4.0
"Wed, Jan 27, 2021",Denver Nuggets,109.0,Miami Heat,82.0,Visitor,Denver Nuggets,27.0
"Wed, Jan 27, 2021",Los Angeles Lakers,106.0,Philadelphia 76ers,107.0,Home,Philadelphia 76ers,1.0
"Wed, Jan 27, 2021",Milwaukee Bucks,115.0,Toronto Raptors,108.0,Visitor,Milwaukee Bucks,7.0
"Wed, Jan 27, 2021",Boston Celtics,106.0,San Antonio Spurs,110.0,Home,San Antonio Spurs,4.0
"Wed, Jan 27, 2021",Washington Wizards,106.0,New Orleans Pelicans,124.0,Home,New Orleans Pelicans,18.0
"Wed, Jan 27, 2021",Oklahoma City Thunder,102.0,Phoenix Suns,97.0,Visitor,Oklahoma City Thunder,5.0
"Wed, Jan 27, 2021",Dallas Mavericks,104.0,Utah Jazz,116.0,Home,Utah Jazz,12.0
"Wed, Jan 27, 2021",Minnesota Timberwolves,111.0,Golden State Warriors,123.0,Home,Golden State Warriors,12.0
"Thu, Jan 28, 2021",Portland Trail Blazers,101.0,Houston Rockets,104.0,Home,Houston Rockets,3.0
"Thu, Jan 28, 2021",Los Angeles Lakers,92.0,Detroit Pistons,107.0,Home,Detroit Pistons,15.0
"Thu, Jan 28, 2021",Los Angeles Clippers,109.0,Miami Heat,105.0,Visitor,Los Angeles Clippers,4.0
"Thu, Jan 28, 2021",Golden State Warriors,93.0,Phoenix Suns,114.0,Home,Phoenix Suns,21.0
"Fri, Jan 29, 2021",Indiana Pacers,105.0,Charlotte Hornets,108.0,Home,Charlotte Hornets,3.0
"Fri, Jan 29, 2021",Atlanta Hawks,116.0,Washington Wizards,100.0,Visitor,Atlanta Hawks,16.0
"Fri, Jan 29, 2021",Milwaukee Bucks,126.0,New Orleans Pelicans,131.0,Home,New Orleans Pelicans,5.0
"Fri, Jan 29, 2021",Cleveland Cavaliers,81.0,New York Knicks,102.0,Home,New York Knicks,21.0
"Fri, Jan 29, 2021",Sacramento Kings,126.0,Toronto Raptors,124.0,Visitor,Sacramento Kings,2.0
"Fri, Jan 29, 2021",Philadelphia 76ers,118.0,Minnesota Timberwolves,94.0,Visitor,Philadelphia 76ers,24.0
"Fri, Jan 29, 2021",Brooklyn Nets,147.0,Oklahoma City Thunder,125.0,Visitor,Brooklyn Nets,22.0
"Fri, Jan 29, 2021",Los Angeles Clippers,116.0,Orlando Magic,90.0,Visitor,Los Angeles Clippers,26.0
"Fri, Jan 29, 2021",Denver Nuggets,109.0,San Antonio Spurs,119.0,Home,San Antonio Spurs,10.0
"Fri, Jan 29, 2021",Dallas Mavericks,101.0,Utah Jazz,120.0,Home,Utah Jazz,19.0
"Sat, Jan 30, 2021",Portland Trail Blazers,123.0,Chicago Bulls,122.0,Visitor,Portland Trail Blazers,1.0
"Sat, Jan 30, 2021",Milwaukee Bucks,114.0,Charlotte Hornets,126.0,Home,Charlotte Hornets,12.0
"Sat, Jan 30, 2021",Sacramento Kings,104.0,Miami Heat,105.0,Home,Miami Heat,1.0
"Sat, Jan 30, 2021",Houston Rockets,126.0,New Orleans Pelicans,112.0,Visitor,Houston Rockets,14.0
"Sat, Jan 30, 2021",Los Angeles Lakers,96.0,Boston Celtics,95.0,Visitor,Los Angeles Lakers,1.0
"Sat, Jan 30, 2021",Memphis Grizzlies,129.0,San Antonio Spurs,112.0,Visitor,Memphis Grizzlies,17.0
"Sat, Jan 30, 2021",Phoenix Suns,111.0,Dallas Mavericks,105.0,Visitor,Phoenix Suns,6.0
"Sat, Jan 30, 2021",Detroit Pistons,91.0,Golden State Warriors,118.0,Home,Golden State Warriors,27.0
"Sun, Jan 31, 2021",Los Angeles Clippers,129.0,New York Knicks,115.0,Visitor,Los Angeles Clippers,14.0
"Sun, Jan 31, 2021",Utah Jazz,117.0,Denver Nuggets,128.0,Home,Denver Nuggets,11.0
"Sun, Jan 31, 2021",Philadelphia 76ers,119.0,Indiana Pacers,110.0,Visitor,Philadelphia 76ers,9.0
"Sun, Jan 31, 2021",Orlando Magic,102.0,Toronto Raptors,115.0,Home,Toronto Raptors,13.0
"Sun, Jan 31, 2021",Brooklyn Nets,146.0,Washington Wizards,149.0,Home,Washington Wizards,3.0
"Sun, Jan 31, 2021",Cleveland Cavaliers,104.0,Minnesota Timberwolves,109.0,Home,Minnesota Timberwolves,5.0
"Mon, Feb 1, 2021",Los Angeles Lakers,107.0,Atlanta Hawks,99.0,Visitor,Los Angeles Lakers,8.0
"Mon, Feb 1, 2021",Charlotte Hornets,129.0,Miami Heat,121.0,Visitor,Charlotte Hornets,8.0
"Mon, Feb 1, 2021",New York Knicks,102.0,Chicago Bulls,110.0,Home,Chicago Bulls,8.0
"Mon, Feb 1, 2021",Minnesota Timberwolves,98.0,Cleveland Cavaliers,100.0,Home,Cleveland Cavaliers,2.0
"Mon, Feb 1, 2021",Portland Trail Blazers,106.0,Milwaukee Bucks,134.0,Home,Milwaukee Bucks,28.0
"Mon, Feb 1, 2021",Sacramento Kings,118.0,New Orleans Pelicans,109.0,Visitor,Sacramento Kings,9.0
"Mon, Feb 1, 2021",Houston Rockets,136.0,Oklahoma City Thunder,106.0,Visitor,Houston Rockets,30.0
"Mon, Feb 1, 2021",Phoenix Suns,109.0,Dallas Mavericks,108.0,Visitor,Phoenix Suns,1.0
"Mon, Feb 1, 2021",Memphis Grizzlies,133.0,San Antonio Spurs,102.0,Visitor,Memphis Grizzlies,31.0
"Tue, Feb 2, 2021",Toronto Raptors,123.0,Orlando Magic,108.0,Visitor,Toronto Raptors,15.0
"Tue, Feb 2, 2021",Los Angeles Clippers,120.0,Brooklyn Nets,124.0,Home,Brooklyn Nets,4.0
"Tue, Feb 2, 2021",Memphis Grizzlies,116.0,Indiana Pacers,134.0,Home,Indiana Pacers,18.0
"Tue, Feb 2, 2021",Portland Trail Blazers,132.0,Washington Wizards,121.0,Visitor,Portland Trail Blazers,11.0
"Tue, Feb 2, 2021",Boston Celtics,111.0,Golden State Warriors,107.0,Visitor,Boston Celtics,4.0
"Tue, Feb 2, 2021",Detroit Pistons,105.0,Utah Jazz,117.0,Home,Utah Jazz,12.0
"Wed, Feb 3, 2021",Philadelphia 76ers,118.0,Charlotte Hornets,111.0,Visitor,Philadelphia 76ers,7.0
"Wed, Feb 3, 2021",Indiana Pacers,110.0,Milwaukee Bucks,130.0,Home,Milwaukee Bucks,20.0
"Wed, Feb 3, 2021",Dallas Mavericks,122.0,Atlanta Hawks,116.0,Visitor,Dallas Mavericks,6.0
"Wed, Feb 3, 2021",New York Knicks,107.0,Chicago Bulls,103.0,Visitor,New York Knicks,4.0
"Wed, Feb 3, 2021",Los Angeles Clippers,121.0,Cleveland Cavaliers,99.0,Visitor,Los Angeles Clippers,22.0
"Wed, Feb 3, 2021",Washington Wizards,103.0,Miami Heat,100.0,Visitor,Washington Wizards,3.0
"Wed, Feb 3, 2021",Houston Rockets,87.0,Oklahoma City Thunder,104.0,Home,Oklahoma City Thunder,17.0
"Wed, Feb 3, 2021",Minnesota Timberwolves,108.0,San Antonio Spurs,111.0,Home,San Antonio Spurs,3.0
"Wed, Feb 3, 2021",Phoenix Suns,101.0,New Orleans Pelicans,123.0,Home,New Orleans Pelicans,22.0
"Wed, Feb 3, 2021",Boston Celtics,111.0,Sacramento Kings,116.0,Home,Sacramento Kings,5.0
"Thu, Feb 4, 2021",Utah Jazz,112.0,Atlanta Hawks,91.0,Visitor,Utah Jazz,21.0
"Thu, Feb 4, 2021",Golden State Warriors,147.0,Dallas Mavericks,116.0,Visitor,Golden State Warriors,31.0
"Thu, Feb 4, 2021",Portland Trail Blazers,121.0,Philadelphia 76ers,105.0,Visitor,Portland Trail Blazers,16.0
"Thu, Feb 4, 2021",Houston Rockets,115.0,Memphis Grizzlies,103.0,Visitor,Houston Rockets,12.0
"Thu, Feb 4, 2021",Denver Nuggets,93.0,Los Angeles Lakers,114.0,Home,Los Angeles Lakers,21.0
"Fri, Feb 5, 2021",New Orleans Pelicans,114.0,Indiana Pacers,113.0,Visitor,New Orleans Pelicans,1.0
"Fri, Feb 5, 2021",Chicago Bulls,119.0,Orlando Magic,123.0,Home,Orlando Magic,4.0
"Fri, Feb 5, 2021",Toronto Raptors,123.0,Brooklyn Nets,117.0,Visitor,Toronto Raptors,6.0
"Fri, Feb 5, 2021",Milwaukee Bucks,123.0,Cleveland Cavaliers,105.0,Visitor,Milwaukee Bucks,18.0
"Fri, Feb 5, 2021",Utah Jazz,138.0,Charlotte Hornets,121.0,Visitor,Utah Jazz,17.0
"Fri, Feb 5, 2021",Washington Wizards,95.0,Miami Heat,122.0,Home,Miami Heat,27.0
"Fri, Feb 5, 2021",Minnesota Timberwolves,106.0,Oklahoma City Thunder,103.0,Visitor,Minnesota Timberwolves,3.0
"Fri, Feb 5, 2021",Detroit Pistons,92.0,Phoenix Suns,109.0,Home,Phoenix Suns,17.0
"Fri, Feb 5, 2021",Boston Celtics,119.0,Los Angeles Clippers,115.0,Visitor,Boston Celtics,4.0
"Sat, Feb 6, 2021",Portland Trail Blazers,99.0,New York Knicks,110.0,Home,New York Knicks,11.0
"Sat, Feb 6, 2021",Denver Nuggets,114.0,Sacramento Kings,119.0,Home,Sacramento Kings,5.0
"Sat, Feb 6, 2021",Chicago Bulls,118.0,Orlando Magic,92.0,Visitor,Chicago Bulls,26.0
"Sat, Feb 6, 2021",Toronto Raptors,121.0,Atlanta Hawks,132.0,Home,Atlanta Hawks,11.0
"Sat, Feb 6, 2021",Milwaukee Bucks,124.0,Cleveland Cavaliers,99.0,Visitor,Milwaukee Bucks,25.0
"Sat, Feb 6, 2021",San Antonio Spurs,111.0,Houston Rockets,106.0,Visitor,San Antonio Spurs,5.0
"Sat, Feb 6, 2021",Minnesota Timberwolves,118.0,Oklahoma City Thunder,120.0,Home,Oklahoma City Thunder,2.0
"Sat, Feb 6, 2021",Brooklyn Nets,108.0,Philadelphia 76ers,124.0,Home,Philadelphia 76ers,16.0
"Sat, Feb 6, 2021",Golden State Warriors,132.0,Dallas Mavericks,134.0,Home,Dallas Mavericks,2.0
"Sat, Feb 6, 2021",Memphis Grizzlies,109.0,New Orleans Pelicans,118.0,Home,New Orleans Pelicans,9.0
"Sat, Feb 6, 2021",Detroit Pistons,129.0,Los Angeles Lakers,135.0,Home,Los Angeles Lakers,6.0
"Sun, Feb 7, 2021",Washington Wizards,97.0,Charlotte Hornets,119.0,Home,Charlotte Hornets,22.0
"Sun, Feb 7, 2021",Utah Jazz,103.0,Indiana Pacers,95.0,Visitor,Utah Jazz,8.0
"Sun, Feb 7, 2021",Miami Heat,109.0,New York Knicks,103.0,Visitor,Miami Heat,6.0
"Sun, Feb 7, 2021",Boston Celtics,91.0,Phoenix Suns,100.0,Home,Phoenix Suns,9.0
"Sun, Feb 7, 2021",Sacramento Kings,113.0,Los Angeles Clippers,110.0,Visitor,Sacramento Kings,3.0
"Mon, Feb 8, 2021",Houston Rockets,94.0,Charlotte Hornets,119.0,Home,Charlotte Hornets,25.0
"Mon, Feb 8, 2021",Washington Wizards,105.0,Chicago Bulls,101.0,Visitor,Washington Wizards,4.0
"Mon, Feb 8, 2021",Toronto Raptors,128.0,Memphis Grizzlies,113.0,Visitor,Toronto Raptors,15.0
"Mon, Feb 8, 2021",Minnesota Timberwolves,122.0,Dallas Mavericks,127.0,Home,Dallas Mavericks,5.0
"Mon, Feb 8, 2021",Golden State Warriors,100.0,San Antonio Spurs,105.0,Home,San Antonio Spurs,5.0
"Mon, Feb 8, 2021",Cleveland Cavaliers,113.0,Phoenix Suns,119.0,Home,Phoenix Suns,6.0
"Mon, Feb 8, 2021",Milwaukee Bucks,125.0,Denver Nuggets,112.0,Visitor,Milwaukee Bucks,13.0
"Mon, Feb 8, 2021",Oklahoma City Thunder,112.0,Los Angeles Lakers,119.0,Home,Los Angeles Lakers,7.0
"Tue, Feb 9, 2021",Brooklyn Nets,111.0,Detroit Pistons,122.0,Home,Detroit Pistons,11.0
"Tue, Feb 9, 2021",New York Knicks,96.0,Miami Heat,98.0,Home,Miami Heat,2.0
"Tue, Feb 9, 2021",Houston Rockets,101.0,New Orleans Pelicans,130.0,Home,New Orleans Pelicans,29.0
"Tue, Feb 9, 2021",Golden State Warriors,114.0,San Antonio Spurs,91.0,Visitor,Golden State Warriors,23.0
"Tue, Feb 9, 2021",Orlando Magic,97.0,Portland Trail Blazers,106.0,Home,Portland Trail Blazers,9.0
"Tue, Feb 9, 2021",Philadelphia 76ers,119.0,Sacramento Kings,111.0,Visitor,Philadelphia 76ers,8.0
"Tue, Feb 9, 2021",Boston Celtics,108.0,Utah Jazz,122.0,Home,Utah Jazz,14.0
"Wed, Feb 10, 2021",Toronto Raptors,137.0,Washington Wizards,115.0,Visitor,Toronto Raptors,22.0
"Wed, Feb 10, 2021",Atlanta Hawks,117.0,Dallas Mavericks,118.0,Home,Dallas Mavericks,1.0
"Wed, Feb 10, 2021",Indiana Pacers,94.0,Brooklyn Nets,104.0,Home,Brooklyn Nets,10.0
"Wed, Feb 10, 2021",Charlotte Hornets,114.0,Memphis Grizzlies,130.0,Home,Memphis Grizzlies,16.0
"Wed, Feb 10, 2021",Los Angeles Clippers,119.0,Minnesota Timberwolves,112.0,Visitor,Los Angeles Clippers,7.0
"Wed, Feb 10, 2021",New Orleans Pelicans,116.0,Chicago Bulls,129.0,Home,Chicago Bulls,13.0
"Wed, Feb 10, 2021",Cleveland Cavaliers,95.0,Denver Nuggets,133.0,Home,Denver Nuggets,38.0
"Wed, Feb 10, 2021",Oklahoma City Thunder,113.0,Los Angeles Lakers,114.0,Home,Los Angeles Lakers,1.0
"Wed, Feb 10, 2021",Milwaukee Bucks,124.0,Phoenix Suns,125.0,Home,Phoenix Suns,1.0
"Thu, Feb 11, 2021",Toronto Raptors,106.0,Boston Celtics,120.0,Home,Boston Celtics,14.0
"Thu, Feb 11, 2021",Miami Heat,101.0,Houston Rockets,94.0,Visitor,Miami Heat,7.0
"Thu, Feb 11, 2021",Indiana Pacers,111.0,Detroit Pistons,95.0,Visitor,Indiana Pacers,16.0
"Thu, Feb 11, 2021",Orlando Magic,105.0,Golden State Warriors,111.0,Home,Golden State Warriors,6.0
"Thu, Feb 11, 2021",Philadelphia 76ers,114.0,Portland Trail Blazers,118.0,Home,Portland Trail Blazers,4.0
"Fri, Feb 12, 2021",Minnesota Timberwolves,114.0,Charlotte Hornets,120.0,Home,Charlotte Hornets,6.0
"Fri, Feb 12, 2021",New York Knicks,109.0,Washington Wizards,91.0,Visitor,New York Knicks,18.0
"Fri, Feb 12, 2021",San Antonio Spurs,125.0,Atlanta Hawks,114.0,Visitor,San Antonio Spurs,11.0
"Fri, Feb 12, 2021",New Orleans Pelicans,130.0,Dallas Mavericks,143.0,Home,Dallas Mavericks,13.0
"Fri, Feb 12, 2021",Detroit Pistons,108.0,Boston Celtics,102.0,Visitor,Detroit Pistons,6.0
"Fri, Feb 12, 2021",Los Angeles Clippers,125.0,Chicago Bulls,106.0,Visitor,Los Angeles Clippers,19.0
"Fri, Feb 12, 2021",Oklahoma City Thunder,95.0,Denver Nuggets,97.0,Home,Denver Nuggets,2.0
"Fri, Feb 12, 2021",Milwaukee Bucks,115.0,Utah Jazz,129.0,Home,Utah Jazz,14.0
"Fri, Feb 12, 2021",Memphis Grizzlies,105.0,Los Angeles Lakers,115.0,Home,Los Angeles Lakers,10.0
"Fri, Feb 12, 2021",Cleveland Cavaliers,110.0,Portland Trail Blazers,129.0,Home,Portland Trail Blazers,19.0
"Fri, Feb 12, 2021",Orlando Magic,123.0,Sacramento Kings,112.0,Visitor,Orlando Magic,11.0
"Sat, Feb 13, 2021",Philadelphia 76ers,111.0,Phoenix Suns,120.0,Home,Phoenix Suns,9.0
"Sat, Feb 13, 2021",Indiana Pacers,125.0,Atlanta Hawks,113.0,Visitor,Indiana Pacers,12.0
"Sat, Feb 13, 2021",Houston Rockets,99.0,New York Knicks,121.0,Home,New York Knicks,22.0
"Sat, Feb 13, 2021",Brooklyn Nets,134.0,Golden State Warriors,117.0,Visitor,Brooklyn Nets,17.0
"Sat, Feb 13, 2021",Miami Heat,94.0,Utah Jazz,112.0,Home,Utah Jazz,18.0
"Sun, Feb 14, 2021",Boston Celtics,91.0,Washington Wizards,104.0,Home,Washington Wizards,13.0
"Sun, Feb 14, 2021",San Antonio Spurs,122.0,Charlotte Hornets,110.0,Visitor,San Antonio Spurs,12.0
"Sun, Feb 14, 2021",New Orleans Pelicans,112.0,Detroit Pistons,123.0,Home,Detroit Pistons,11.0
"Sun, Feb 14, 2021",Minnesota Timberwolves,116.0,Toronto Raptors,112.0,Visitor,Minnesota Timberwolves,4.0
"Sun, Feb 14, 2021",Portland Trail Blazers,121.0,Dallas Mavericks,118.0,Visitor,Portland Trail Blazers,3.0
"Sun, Feb 14, 2021",Milwaukee Bucks,109.0,Oklahoma City Thunder,114.0,Home,Oklahoma City Thunder,5.0
"Sun, Feb 14, 2021",Orlando Magic,90.0,Phoenix Suns,109.0,Home,Phoenix Suns,19.0
"Sun, Feb 14, 2021",Los Angeles Lakers,105.0,Denver Nuggets,122.0,Home,Denver Nuggets,17.0
"Sun, Feb 14, 2021",Cleveland Cavaliers,111.0,Los Angeles Clippers,128.0,Home,Los Angeles Clippers,17.0
"Sun, Feb 14, 2021",Memphis Grizzlies,124.0,Sacramento Kings,110.0,Visitor,Memphis Grizzlies,14.0
"Mon, Feb 15, 2021",Chicago Bulls,120.0,Indiana Pacers,112.0,Visitor,Chicago Bulls,8.0
"Mon, Feb 15, 2021",Houston Rockets,119.0,Washington Wizards,131.0,Home,Washington Wizards,12.0
"Mon, Feb 15, 2021",Atlanta Hawks,112.0,New York Knicks,123.0,Home,New York Knicks,11.0
"Mon, Feb 15, 2021",Philadelphia 76ers,123.0,Utah Jazz,134.0,Home,Utah Jazz,11.0
"Mon, Feb 15, 2021",Cleveland Cavaliers,98.0,Golden State Warriors,129.0,Home,Golden State Warriors,31.0
"Mon, Feb 15, 2021",Miami Heat,118.0,Los Angeles Clippers,125.0,Home,Los Angeles Clippers,7.0
"Mon, Feb 15, 2021",Brooklyn Nets,136.0,Sacramento Kings,125.0,Visitor,Brooklyn Nets,11.0
"Tue, Feb 16, 2021",Denver Nuggets,99.0,Boston Celtics,112.0,Home,Boston Celtics,13.0
"Tue, Feb 16, 2021",New Orleans Pelicans,144.0,Memphis Grizzlies,113.0,Visitor,New Orleans Pelicans,31.0
"Tue, Feb 16, 2021",Toronto Raptors,124.0,Milwaukee Bucks,113.0,Visitor,Toronto Raptors,11.0
"Tue, Feb 16, 2021",Los Angeles Lakers,112.0,Minnesota Timberwolves,104.0,Visitor,Los Angeles Lakers,8.0
"Tue, Feb 16, 2021",Portland Trail Blazers,115.0,Oklahoma City Thunder,104.0,Visitor,Portland Trail Blazers,11.0
"Tue, Feb 16, 2021",Brooklyn Nets,128.0,Phoenix Suns,124.0,Visitor,Brooklyn Nets,4.0
"Wed, Feb 17, 2021",New York Knicks,89.0,Orlando Magic,107.0,Home,Orlando Magic,18.0
"Wed, Feb 17, 2021",Atlanta Hawks,122.0,Boston Celtics,114.0,Visitor,Atlanta Hawks,8.0
"Wed, Feb 17, 2021",Houston Rockets,113.0,Philadelphia 76ers,118.0,Home,Philadelphia 76ers,5.0
"Wed, Feb 17, 2021",Detroit Pistons,102.0,Chicago Bulls,105.0,Home,Chicago Bulls,3.0
"Wed, Feb 17, 2021",Indiana Pacers,134.0,Minnesota Timberwolves,128.0,Visitor,Indiana Pacers,6.0
"Wed, Feb 17, 2021",Denver Nuggets,128.0,Washington Wizards,130.0,Home,Washington Wizards,2.0
"Wed, Feb 17, 2021",Oklahoma City Thunder,113.0,Memphis Grizzlies,122.0,Home,Memphis Grizzlies,9.0
"Wed, Feb 17, 2021",Portland Trail Blazers,126.0,New Orleans Pelicans,124.0,Visitor,Portland Trail Blazers,2.0
"Wed, Feb 17, 2021",Miami Heat,112.0,Golden State Warriors,120.0,Home,Golden State Warriors,8.0
"Wed, Feb 17, 2021",Utah Jazz,114.0,Los Angeles Clippers,96.0,Visitor,Utah Jazz,18.0
"Thu, Feb 18, 2021",Toronto Raptors,110.0,Milwaukee Bucks,96.0,Visitor,Toronto Raptors,14.0
"Thu, Feb 18, 2021",Brooklyn Nets,109.0,Los Angeles Lakers,98.0,Visitor,Brooklyn Nets,11.0
"Thu, Feb 18, 2021",Miami Heat,118.0,Sacramento Kings,110.0,Visitor,Miami Heat,8.0
"Fri, Feb 19, 2021",Denver Nuggets,120.0,Cleveland Cavaliers,103.0,Visitor,Denver Nuggets,17.0
"Fri, Feb 19, 2021",Golden State Warriors,120.0,Orlando Magic,124.0,Home,Orlando Magic,4.0
"Fri, Feb 19, 2021",Atlanta Hawks,109.0,Boston Celtics,121.0,Home,Boston Celtics,12.0
"Fri, Feb 19, 2021",Chicago Bulls,105.0,Philadelphia 76ers,112.0,Home,Philadelphia 76ers,7.0
"Fri, Feb 19, 2021",Detroit Pistons,95.0,Memphis Grizzlies,109.0,Home,Memphis Grizzlies,14.0
"Fri, Feb 19, 2021",Oklahoma City Thunder,85.0,Milwaukee Bucks,98.0,Home,Milwaukee Bucks,13.0
"Fri, Feb 19, 2021",Phoenix Suns,132.0,New Orleans Pelicans,114.0,Visitor,Phoenix Suns,18.0
"Fri, Feb 19, 2021",Toronto Raptors,86.0,Minnesota Timberwolves,81.0,Visitor,Toronto Raptors,5.0
"Fri, Feb 19, 2021",Utah Jazz,112.0,Los Angeles Clippers,116.0,Home,Los Angeles Clippers,4.0
"Sat, Feb 20, 2021",Golden State Warriors,100.0,Charlotte Hornets,102.0,Home,Charlotte Hornets,2.0
"Sat, Feb 20, 2021",Miami Heat,96.0,Los Angeles Lakers,94.0,Visitor,Miami Heat,2.0
"Sat, Feb 20, 2021",Sacramento Kings,114.0,Chicago Bulls,122.0,Home,Chicago Bulls,8.0
"Sat, Feb 20, 2021",Phoenix Suns,128.0,Memphis Grizzlies,97.0,Visitor,Phoenix Suns,31.0
"Sat, Feb 20, 2021",Washington Wizards,118.0,Portland Trail Blazers,111.0,Visitor,Washington Wizards,7.0
"Sun, Feb 21, 2021",Boston Celtics,115.0,New Orleans Pelicans,120.0,Home,New Orleans Pelicans,5.0
"Sun, Feb 21, 2021",Oklahoma City Thunder,117.0,Cleveland Cavaliers,101.0,Visitor,Oklahoma City Thunder,16.0
"Sun, Feb 21, 2021",Minnesota Timberwolves,99.0,New York Knicks,103.0,Home,New York Knicks,4.0
"Sun, Feb 21, 2021",Detroit Pistons,96.0,Orlando Magic,105.0,Home,Orlando Magic,9.0
"Sun, Feb 21, 2021",Philadelphia 76ers,103.0,Toronto Raptors,110.0,Home,Toronto Raptors,7.0
"Sun, Feb 21, 2021",Denver Nuggets,115.0,Atlanta Hawks,123.0,Home,Atlanta Hawks,8.0
"Sun, Feb 21, 2021",Brooklyn Nets,112.0,Los Angeles Clippers,108.0,Visitor,Brooklyn Nets,4.0
"Sun, Feb 21, 2021",Sacramento Kings,115.0,Milwaukee Bucks,128.0,Home,Milwaukee Bucks,13.0
"Mon, Feb 22, 2021",Chicago Bulls,120.0,Houston Rockets,100.0,Visitor,Chicago Bulls,20.0
"Mon, Feb 22, 2021",Memphis Grizzlies,92.0,Dallas Mavericks,102.0,Home,Dallas Mavericks,10.0
"Mon, Feb 22, 2021",Miami Heat,108.0,Oklahoma City Thunder,94.0,Visitor,Miami Heat,14.0
"Mon, Feb 22, 2021",Portland Trail Blazers,100.0,Phoenix Suns,132.0,Home,Phoenix Suns,32.0
"Mon, Feb 22, 2021",Charlotte Hornets,110.0,Utah Jazz,132.0,Home,Utah Jazz,22.0
"Mon, Feb 22, 2021",Washington Wizards,127.0,Los Angeles Lakers,124.0,Visitor,Washington Wizards,3.0
"Tue, Feb 23, 2021",Atlanta Hawks,111.0,Cleveland Cavaliers,112.0,Home,Cleveland Cavaliers,1.0
"Tue, Feb 23, 2021",Detroit Pistons,105.0,Orlando Magic,93.0,Visitor,Detroit Pistons,12.0
"Tue, Feb 23, 2021",Sacramento Kings,118.0,Brooklyn Nets,127.0,Home,Brooklyn Nets,9.0
"Tue, Feb 23, 2021",Boston Celtics,107.0,Dallas Mavericks,110.0,Home,Dallas Mavericks,3.0
"Tue, Feb 23, 2021",Golden State Warriors,114.0,New York Knicks,106.0,Visitor,Golden State Warriors,8.0
"Tue, Feb 23, 2021",Philadelphia 76ers,109.0,Toronto Raptors,102.0,Visitor,Philadelphia 76ers,7.0
"Tue, Feb 23, 2021",Minnesota Timberwolves,112.0,Milwaukee Bucks,139.0,Home,Milwaukee Bucks,27.0
"Tue, Feb 23, 2021",Portland Trail Blazers,106.0,Denver Nuggets,111.0,Home,Denver Nuggets,5.0
"Tue, Feb 23, 2021",Washington Wizards,116.0,Los Angeles Clippers,135.0,Home,Los Angeles Clippers,19.0
"Wed, Feb 24, 2021",Boston Celtics,112.0,Atlanta Hawks,127.0,Home,Atlanta Hawks,15.0
"Wed, Feb 24, 2021",Houston Rockets,96.0,Cleveland Cavaliers,112.0,Home,Cleveland Cavaliers,16.0
"Wed, Feb 24, 2021",Golden State Warriors,111.0,Indiana Pacers,107.0,Visitor,Golden State Warriors,4.0
"Wed, Feb 24, 2021",Minnesota Timberwolves,126.0,Chicago Bulls,133.0,Home,Chicago Bulls,7.0
"Wed, Feb 24, 2021",Toronto Raptors,108.0,Miami Heat,116.0,Home,Miami Heat,8.0
"Wed, Feb 24, 2021",Detroit Pistons,118.0,New Orleans Pelicans,128.0,Home,New Orleans Pelicans,10.0
"Wed, Feb 24, 2021",San Antonio Spurs,99.0,Oklahoma City Thunder,102.0,Home,Oklahoma City Thunder,3.0
"Wed, Feb 24, 2021",Charlotte Hornets,124.0,Phoenix Suns,121.0,Visitor,Charlotte Hornets,3.0
"Wed, Feb 24, 2021",Los Angeles Lakers,89.0,Utah Jazz,114.0,Home,Utah Jazz,25.0
"Thu, Feb 25, 2021",Dallas Mavericks,97.0,Philadelphia 76ers,111.0,Home,Philadelphia 76ers,14.0
"Thu, Feb 25, 2021",Orlando Magic,92.0,Brooklyn Nets,129.0,Home,Brooklyn Nets,37.0
"Thu, Feb 25, 2021",Sacramento Kings,121.0,New York Knicks,140.0,Home,New York Knicks,19.0
"Thu, Feb 25, 2021",Los Angeles Clippers,94.0,Memphis Grizzlies,122.0,Home,Memphis Grizzlies,28.0
"Thu, Feb 25, 2021",Washington Wizards,112.0,Denver Nuggets,110.0,Visitor,Washington Wizards,2.0
"Thu, Feb 25, 2021",New Orleans Pelicans,125.0,Milwaukee Bucks,129.0,Home,Milwaukee Bucks,4.0
"Fri, Feb 26, 2021",Indiana Pacers,112.0,Boston Celtics,118.0,Home,Boston Celtics,6.0
"Fri, Feb 26, 2021",Houston Rockets,111.0,Toronto Raptors,122.0,Home,Toronto Raptors,11.0
"Fri, Feb 26, 2021",Phoenix Suns,106.0,Chicago Bulls,97.0,Visitor,Phoenix Suns,9.0
"Fri, Feb 26, 2021",Sacramento Kings,110.0,Detroit Pistons,107.0,Visitor,Sacramento Kings,3.0
"Fri, Feb 26, 2021",Los Angeles Clippers,119.0,Memphis Grizzlies,99.0,Visitor,Los Angeles Clippers,20.0
"Fri, Feb 26, 2021",Utah Jazz,116.0,Miami Heat,124.0,Home,Miami Heat,8.0
"Fri, Feb 26, 2021",Atlanta Hawks,109.0,Oklahoma City Thunder,118.0,Home,Oklahoma City Thunder,9.0
"Fri, Feb 26, 2021",Charlotte Hornets,121.0,Golden State Warriors,130.0,Home,Golden State Warriors,9.0
"Fri, Feb 26, 2021",Portland Trail Blazers,93.0,Los Angeles Lakers,102.0,Home,Los Angeles Lakers,9.0
"Sat, Feb 27, 2021",Cleveland Cavaliers,112.0,Philadelphia 76ers,109.0,Visitor,Cleveland Cavaliers,3.0
"Sat, Feb 27, 2021",Minnesota Timberwolves,112.0,Washington Wizards,128.0,Home,Washington Wizards,16.0
"Sat, Feb 27, 2021",Indiana Pacers,107.0,New York Knicks,110.0,Home,New York Knicks,3.0
"Sat, Feb 27, 2021",Denver Nuggets,126.0,Oklahoma City Thunder,96.0,Visitor,Denver Nuggets,30.0
"Sat, Feb 27, 2021",Utah Jazz,124.0,Orlando Magic,109.0,Visitor,Utah Jazz,15.0
"Sat, Feb 27, 2021",New Orleans Pelicans,114.0,San Antonio Spurs,117.0,Home,San Antonio Spurs,3.0
"Sat, Feb 27, 2021",Dallas Mavericks,115.0,Brooklyn Nets,98.0,Visitor,Dallas Mavericks,17.0
"Sun, Feb 28, 2021",Los Angeles Clippers,100.0,Milwaukee Bucks,105.0,Home,Milwaukee Bucks,5.0
"Sun, Feb 28, 2021",Washington Wizards,110.0,Boston Celtics,111.0,Home,Boston Celtics,1.0
"Sun, Feb 28, 2021",New York Knicks,109.0,Detroit Pistons,90.0,Visitor,New York Knicks,19.0
"Sun, Feb 28, 2021",Memphis Grizzlies,133.0,Houston Rockets,84.0,Visitor,Memphis Grizzlies,49.0
"Sun, Feb 28, 2021",Golden State Warriors,91.0,Los Angeles Lakers,117.0,Home,Los Angeles Lakers,26.0
"Sun, Feb 28, 2021",Atlanta Hawks,99.0,Miami Heat,109.0,Home,Miami Heat,10.0
"Sun, Feb 28, 2021",Phoenix Suns,118.0,Minnesota Timberwolves,99.0,Visitor,Phoenix Suns,19.0
"Sun, Feb 28, 2021",Charlotte Hornets,127.0,Sacramento Kings,126.0,Visitor,Charlotte Hornets,1.0
"Mon, Mar 1, 2021",Dallas Mavericks,130.0,Orlando Magic,124.0,Visitor,Dallas Mavericks,6.0
"Mon, Mar 1, 2021",Indiana Pacers,114.0,Philadelphia 76ers,130.0,Home,Philadelphia 76ers,16.0
"Mon, Mar 1, 2021",Denver Nuggets,118.0,Chicago Bulls,112.0,Visitor,Denver Nuggets,6.0
"Mon, Mar 1, 2021",Utah Jazz,124.0,New Orleans Pelicans,129.0,Home,New Orleans Pelicans,5.0
"Mon, Mar 1, 2021",Brooklyn Nets,124.0,San Antonio Spurs,113.0,Visitor,Brooklyn Nets,11.0
"Mon, Mar 1, 2021",Cleveland Cavaliers,101.0,Houston Rockets,90.0,Visitor,Cleveland Cavaliers,11.0
"Mon, Mar 1, 2021",Charlotte Hornets,111.0,Portland Trail Blazers,123.0,Home,Portland Trail Blazers,12.0
"Tue, Mar 2, 2021",Memphis Grizzlies,125.0,Washington Wizards,111.0,Visitor,Memphis Grizzlies,14.0
"Tue, Mar 2, 2021",Los Angeles Clippers,112.0,Boston Celtics,117.0,Home,Boston Celtics,5.0
"Tue, Mar 2, 2021",Atlanta Hawks,94.0,Miami Heat,80.0,Visitor,Atlanta Hawks,14.0
"Tue, Mar 2, 2021",New York Knicks,93.0,San Antonio Spurs,119.0,Home,San Antonio Spurs,26.0
"Tue, Mar 2, 2021",Denver Nuggets,128.0,Milwaukee Bucks,97.0,Visitor,Denver Nuggets,31.0
"Tue, Mar 2, 2021",Phoenix Suns,114.0,Los Angeles Lakers,104.0,Visitor,Phoenix Suns,10.0
"Wed, Mar 3, 2021",Indiana Pacers,114.0,Cleveland Cavaliers,111.0,Visitor,Indiana Pacers,3.0
"Wed, Mar 3, 2021",Utah Jazz,123.0,Philadelphia 76ers,131.0,Home,Philadelphia 76ers,8.0
"Wed, Mar 3, 2021",Detroit Pistons,129.0,Toronto Raptors,105.0,Visitor,Detroit Pistons,24.0
"Wed, Mar 3, 2021",Brooklyn Nets,132.0,Houston Rockets,114.0,Visitor,Brooklyn Nets,18.0
"Wed, Mar 3, 2021",Charlotte Hornets,135.0,Minnesota Timberwolves,102.0,Visitor,Charlotte Hornets,33.0
"Wed, Mar 3, 2021",Chicago Bulls,128.0,New Orleans Pelicans,124.0,Visitor,Chicago Bulls,4.0
"Wed, Mar 3, 2021",Atlanta Hawks,115.0,Orlando Magic,112.0,Visitor,Atlanta Hawks,3.0
"Wed, Mar 3, 2021",Oklahoma City Thunder,78.0,Dallas Mavericks,87.0,Home,Dallas Mavericks,9.0
"Wed, Mar 3, 2021",Golden State Warriors,106.0,Portland Trail Blazers,108.0,Home,Portland Trail Blazers,2.0
"Wed, Mar 3, 2021",Los Angeles Lakers,120.0,Sacramento Kings,123.0,Home,Sacramento Kings,3.0
"Thu, Mar 4, 2021",Toronto Raptors,125.0,Boston Celtics,132.0,Home,Boston Celtics,7.0
"Thu, Mar 4, 2021",Los Angeles Clippers,117.0,Washington Wizards,119.0,Home,Washington Wizards,2.0
"Thu, Mar 4, 2021",Detroit Pistons,104.0,New York Knicks,114.0,Home,New York Knicks,10.0
"Thu, Mar 4, 2021",Denver Nuggets,113.0,Indiana Pacers,103.0,Visitor,Denver Nuggets,10.0
"Thu, Mar 4, 2021",Milwaukee Bucks,112.0,Memphis Grizzlies,111.0,Visitor,Milwaukee Bucks,1.0
"Thu, Mar 4, 2021",Miami Heat,103.0,New Orleans Pelicans,93.0,Visitor,Miami Heat,10.0
"Thu, Mar 4, 2021",Oklahoma City Thunder,107.0,San Antonio Spurs,102.0,Visitor,Oklahoma City Thunder,5.0
"Thu, Mar 4, 2021",Golden State Warriors,98.0,Phoenix Suns,120.0,Home,Phoenix Suns,22.0
"Thu, Mar 4, 2021",Sacramento Kings,119.0,Portland Trail Blazers,123.0,Home,Portland Trail Blazers,4.0
"Wed, Mar 10, 2021",Washington Wizards,112.0,Memphis Grizzlies,127.0,Home,Memphis Grizzlies,15.0
"Wed, Mar 10, 2021",San Antonio Spurs,104.0,Dallas Mavericks,115.0,Home,Dallas Mavericks,11.0
"Thu, Mar 11, 2021",Detroit Pistons,102.0,Charlotte Hornets,105.0,Home,Charlotte Hornets,3.0
"Thu, Mar 11, 2021",Boston Celtics,109.0,Brooklyn Nets,121.0,Home,Brooklyn Nets,12.0
"Thu, Mar 11, 2021",Atlanta Hawks,121.0,Toronto Raptors,120.0,Visitor,Atlanta Hawks,1.0
"Thu, Mar 11, 2021",Philadelphia 76ers,127.0,Chicago Bulls,105.0,Visitor,Philadelphia 76ers,22.0
"Thu, Mar 11, 2021",Orlando Magic,103.0,Miami Heat,111.0,Home,Miami Heat,8.0
"Thu, Mar 11, 2021",New York Knicks,101.0,Milwaukee Bucks,134.0,Home,Milwaukee Bucks,33.0
"Thu, Mar 11, 2021",Minnesota Timberwolves,135.0,New Orleans Pelicans,105.0,Visitor,Minnesota Timberwolves,30.0
"Thu, Mar 11, 2021",Dallas Mavericks,108.0,Oklahoma City Thunder,116.0,Home,Oklahoma City Thunder,8.0
"Thu, Mar 11, 2021",Golden State Warriors,104.0,Los Angeles Clippers,130.0,Home,Los Angeles Clippers,26.0
"Thu, Mar 11, 2021",Phoenix Suns,127.0,Portland Trail Blazers,121.0,Visitor,Phoenix Suns,6.0
"Thu, Mar 11, 2021",Houston Rockets,105.0,Sacramento Kings,125.0,Home,Sacramento Kings,20.0
"Fri, Mar 12, 2021",Denver Nuggets,103.0,Memphis Grizzlies,102.0,Visitor,Denver Nuggets,1.0
"Fri, Mar 12, 2021",Cleveland Cavaliers,82.0,New Orleans Pelicans,116.0,Home,New Orleans Pelicans,34.0
"Fri, Mar 12, 2021",Philadelphia 76ers,127.0,Washington Wizards,101.0,Visitor,Philadelphia 76ers,26.0
"Fri, Mar 12, 2021",Miami Heat,101.0,Chicago Bulls,90.0,Visitor,Miami Heat,11.0
"Fri, Mar 12, 2021",Orlando Magic,77.0,San Antonio Spurs,104.0,Home,San Antonio Spurs,27.0
"Fri, Mar 12, 2021",Houston Rockets,99.0,Utah Jazz,114.0,Home,Utah Jazz,15.0
"Fri, Mar 12, 2021",Indiana Pacers,100.0,Los Angeles Lakers,105.0,Home,Los Angeles Lakers,5.0
"Sat, Mar 13, 2021",New York Knicks,119.0,Oklahoma City Thunder,97.0,Visitor,New York Knicks,22.0
"Sat, Mar 13, 2021",Detroit Pistons,95.0,Brooklyn Nets,100.0,Home,Brooklyn Nets,5.0
"Sat, Mar 13, 2021",Toronto Raptors,104.0,Charlotte Hornets,114.0,Home,Charlotte Hornets,10.0
"Sat, Mar 13, 2021",Milwaukee Bucks,125.0,Washington Wizards,119.0,Visitor,Milwaukee Bucks,6.0
"Sat, Mar 13, 2021",Sacramento Kings,106.0,Atlanta Hawks,121.0,Home,Atlanta Hawks,15.0
"Sat, Mar 13, 2021",Portland Trail Blazers,125.0,Minnesota Timberwolves,121.0,Visitor,Portland Trail Blazers,4.0
"Sat, Mar 13, 2021",Dallas Mavericks,116.0,Denver Nuggets,103.0,Visitor,Dallas Mavericks,13.0
"Sat, Mar 13, 2021",Indiana Pacers,122.0,Phoenix Suns,111.0,Visitor,Indiana Pacers,11.0
"Sun, Mar 14, 2021",Memphis Grizzlies,122.0,Oklahoma City Thunder,128.0,Home,Oklahoma City Thunder,6.0
"Sun, Mar 14, 2021",Utah Jazz,119.0,Golden State Warriors,131.0,Home,Golden State Warriors,12.0
"Sun, Mar 14, 2021",San Antonio Spurs,99.0,Philadelphia 76ers,134.0,Home,Philadelphia 76ers,35.0
"Sun, Mar 14, 2021",Miami Heat,102.0,Orlando Magic,97.0,Visitor,Miami Heat,5.0
"Sun, Mar 14, 2021",Cleveland Cavaliers,82.0,Atlanta Hawks,100.0,Home,Atlanta Hawks,18.0
"Sun, Mar 14, 2021",Boston Celtics,134.0,Houston Rockets,107.0,Visitor,Boston Celtics,27.0
"Sun, Mar 14, 2021",Portland Trail Blazers,112.0,Minnesota Timberwolves,114.0,Home,Minnesota Timberwolves,2.0
"Sun, Mar 14, 2021",Toronto Raptors,95.0,Chicago Bulls,118.0,Home,Chicago Bulls,23.0
"Sun, Mar 14, 2021",Los Angeles Clippers,115.0,New Orleans Pelicans,135.0,Home,New Orleans Pelicans,20.0
"Mon, Mar 15, 2021",Sacramento Kings,116.0,Charlotte Hornets,122.0,Home,Charlotte Hornets,6.0
"Mon, Mar 15, 2021",Milwaukee Bucks,133.0,Washington Wizards,122.0,Visitor,Milwaukee Bucks,11.0
"Mon, Mar 15, 2021",New York Knicks,112.0,Brooklyn Nets,117.0,Home,Brooklyn Nets,5.0
"Mon, Mar 15, 2021",San Antonio Spurs,109.0,Detroit Pistons,99.0,Visitor,San Antonio Spurs,10.0
"Mon, Mar 15, 2021",Los Angeles Clippers,109.0,Dallas Mavericks,99.0,Visitor,Los Angeles Clippers,10.0
"Mon, Mar 15, 2021",Indiana Pacers,106.0,Denver Nuggets,121.0,Home,Denver Nuggets,15.0
"Mon, Mar 15, 2021",Memphis Grizzlies,99.0,Phoenix Suns,122.0,Home,Phoenix Suns,23.0
"Mon, Mar 15, 2021",Los Angeles Lakers,128.0,Golden State Warriors,97.0,Visitor,Los Angeles Lakers,31.0
"Tue, Mar 16, 2021",Utah Jazz,117.0,Boston Celtics,109.0,Visitor,Utah Jazz,8.0
"Tue, Mar 16, 2021",Oklahoma City Thunder,102.0,Chicago Bulls,123.0,Home,Chicago Bulls,21.0
"Tue, Mar 16, 2021",Atlanta Hawks,119.0,Houston Rockets,107.0,Visitor,Atlanta Hawks,12.0
"Tue, Mar 16, 2021",Cleveland Cavaliers,98.0,Miami Heat,113.0,Home,Miami Heat,15.0
"Tue, Mar 16, 2021",New York Knicks,96.0,Philadelphia 76ers,99.0,Home,Philadelphia 76ers,3.0
"Tue, Mar 16, 2021",New Orleans Pelicans,124.0,Portland Trail Blazers,125.0,Home,Portland Trail Blazers,1.0
"Tue, Mar 16, 2021",Minnesota Timberwolves,121.0,Los Angeles Lakers,137.0,Home,Los Angeles Lakers,16.0
"Wed, Mar 17, 2021",Toronto Raptors,112.0,Detroit Pistons,116.0,Home,Detroit Pistons,4.0
"Wed, Mar 17, 2021",Brooklyn Nets,124.0,Indiana Pacers,115.0,Visitor,Brooklyn Nets,9.0
"Wed, Mar 17, 2021",Milwaukee Bucks,109.0,Philadelphia 76ers,105.0,Visitor,Milwaukee Bucks,4.0
"Wed, Mar 17, 2021",Sacramento Kings,121.0,Washington Wizards,119.0,Visitor,Sacramento Kings,2.0
"Wed, Mar 17, 2021",San Antonio Spurs,106.0,Chicago Bulls,99.0,Visitor,San Antonio Spurs,7.0
"Wed, Mar 17, 2021",Boston Celtics,110.0,Cleveland Cavaliers,117.0,Home,Cleveland Cavaliers,7.0
"Wed, Mar 17, 2021",Golden State Warriors,108.0,Houston Rockets,94.0,Visitor,Golden State Warriors,14.0
"Wed, Mar 17, 2021",Charlotte Hornets,104.0,Denver Nuggets,129.0,Home,Denver Nuggets,25.0
"Wed, Mar 17, 2021",Miami Heat,85.0,Memphis Grizzlies,89.0,Home,Memphis Grizzlies,4.0
"Wed, Mar 17, 2021",Los Angeles Clippers,89.0,Dallas Mavericks,105.0,Home,Dallas Mavericks,16.0
"Thu, Mar 18, 2021",Utah Jazz,122.0,Washington Wizards,131.0,Home,Washington Wizards,9.0
"Thu, Mar 18, 2021",Oklahoma City Thunder,93.0,Atlanta Hawks,116.0,Home,Atlanta Hawks,23.0
"Thu, Mar 18, 2021",Orlando Magic,93.0,New York Knicks,94.0,Home,New York Knicks,1.0
"Thu, Mar 18, 2021",Minnesota Timberwolves,123.0,Phoenix Suns,119.0,Visitor,Minnesota Timberwolves,4.0
"Thu, Mar 18, 2021",New Orleans Pelicans,93.0,Portland Trail Blazers,101.0,Home,Portland Trail Blazers,8.0
"Thu, Mar 18, 2021",Charlotte Hornets,105.0,Los Angeles Lakers,116.0,Home,Los Angeles Lakers,11.0
"Fri, Mar 19, 2021",Sacramento Kings,107.0,Boston Celtics,96.0,Visitor,Sacramento Kings,11.0
"Fri, Mar 19, 2021",San Antonio Spurs,116.0,Cleveland Cavaliers,110.0,Visitor,San Antonio Spurs,6.0
"Fri, Mar 19, 2021",Detroit Pistons,113.0,Houston Rockets,100.0,Visitor,Detroit Pistons,13.0
"Fri, Mar 19, 2021",Golden State Warriors,116.0,Memphis Grizzlies,103.0,Visitor,Golden State Warriors,13.0
"Fri, Mar 19, 2021",Indiana Pacers,137.0,Miami Heat,110.0,Visitor,Indiana Pacers,27.0
"Fri, Mar 19, 2021",Brooklyn Nets,113.0,Orlando Magic,121.0,Home,Orlando Magic,8.0
"Fri, Mar 19, 2021",Utah Jazz,115.0,Toronto Raptors,112.0,Visitor,Utah Jazz,3.0
"Fri, Mar 19, 2021",Chicago Bulls,127.0,Denver Nuggets,131.0,Home,Denver Nuggets,4.0
"Fri, Mar 19, 2021",Minnesota Timberwolves,101.0,Phoenix Suns,113.0,Home,Phoenix Suns,12.0
"Fri, Mar 19, 2021",Dallas Mavericks,119.0,Portland Trail Blazers,125.0,Home,Portland Trail Blazers,6.0
"Sat, Mar 20, 2021",Atlanta Hawks,99.0,Los Angeles Lakers,94.0,Visitor,Atlanta Hawks,5.0
"Sat, Mar 20, 2021",Golden State Warriors,103.0,Memphis Grizzlies,111.0,Home,Memphis Grizzlies,8.0
"Sat, Mar 20, 2021",Sacramento Kings,105.0,Philadelphia 76ers,129.0,Home,Philadelphia 76ers,24.0
"Sat, Mar 20, 2021",San Antonio Spurs,113.0,Milwaukee Bucks,120.0,Home,Milwaukee Bucks,7.0
"Sat, Mar 20, 2021",Charlotte Hornets,98.0,Los Angeles Clippers,125.0,Home,Los Angeles Clippers,27.0
"Sun, Mar 21, 2021",Indiana Pacers,109.0,Miami Heat,106.0,Visitor,Indiana Pacers,3.0
"Sun, Mar 21, 2021",Oklahoma City Thunder,114.0,Houston Rockets,112.0,Visitor,Oklahoma City Thunder,2.0
"Sun, Mar 21, 2021",New Orleans Pelicans,113.0,Denver Nuggets,108.0,Visitor,New Orleans Pelicans,5.0
"Sun, Mar 21, 2021",Orlando Magic,96.0,Boston Celtics,112.0,Home,Boston Celtics,16.0
"Sun, Mar 21, 2021",Washington Wizards,106.0,Brooklyn Nets,113.0,Home,Brooklyn Nets,7.0
"Sun, Mar 21, 2021",Toronto Raptors,105.0,Cleveland Cavaliers,116.0,Home,Cleveland Cavaliers,11.0
"Sun, Mar 21, 2021",Chicago Bulls,100.0,Detroit Pistons,86.0,Visitor,Chicago Bulls,14.0
"Sun, Mar 21, 2021",Philadelphia 76ers,101.0,New York Knicks,100.0,Visitor,Philadelphia 76ers,1.0
"Sun, Mar 21, 2021",Los Angeles Lakers,94.0,Phoenix Suns,111.0,Home,Phoenix Suns,17.0
"Sun, Mar 21, 2021",Dallas Mavericks,132.0,Portland Trail Blazers,92.0,Visitor,Dallas Mavericks,40.0
"Mon, Mar 22, 2021",Sacramento Kings,119.0,Cleveland Cavaliers,105.0,Visitor,Sacramento Kings,14.0
"Mon, Mar 22, 2021",Oklahoma City Thunder,112.0,Minnesota Timberwolves,103.0,Visitor,Oklahoma City Thunder,9.0
"Mon, Mar 22, 2021",Charlotte Hornets,100.0,San Antonio Spurs,97.0,Visitor,Charlotte Hornets,3.0
"Mon, Mar 22, 2021",Utah Jazz,120.0,Chicago Bulls,95.0,Visitor,Utah Jazz,25.0
"Mon, Mar 22, 2021",Toronto Raptors,99.0,Houston Rockets,117.0,Home,Houston Rockets,18.0
"Mon, Mar 22, 2021",Boston Celtics,126.0,Memphis Grizzlies,132.0,Home,Memphis Grizzlies,6.0
"Mon, Mar 22, 2021",Indiana Pacers,113.0,Milwaukee Bucks,140.0,Home,Milwaukee Bucks,27.0
"Mon, Mar 22, 2021",Atlanta Hawks,110.0,Los Angeles Clippers,119.0,Home,Los Angeles Clippers,9.0
"Tue, Mar 23, 2021",Denver Nuggets,110.0,Orlando Magic,99.0,Visitor,Denver Nuggets,11.0
"Tue, Mar 23, 2021",Los Angeles Lakers,111.0,New Orleans Pelicans,128.0,Home,New Orleans Pelicans,17.0
"Tue, Mar 23, 2021",Washington Wizards,113.0,New York Knicks,131.0,Home,New York Knicks,18.0
"Tue, Mar 23, 2021",Phoenix Suns,110.0,Miami Heat,100.0,Visitor,Phoenix Suns,10.0
"Tue, Mar 23, 2021",Philadelphia 76ers,108.0,Golden State Warriors,98.0,Visitor,Philadelphia 76ers,10.0
"Tue, Mar 23, 2021",Brooklyn Nets,116.0,Portland Trail Blazers,112.0,Visitor,Brooklyn Nets,4.0
"Wed, Mar 24, 2021",Detroit Pistons,111.0,Indiana Pacers,116.0,Home,Indiana Pacers,5.0
"Wed, Mar 24, 2021",Boston Celtics,119.0,Milwaukee Bucks,121.0,Home,Milwaukee Bucks,2.0
"Wed, Mar 24, 2021",Denver Nuggets,111.0,Toronto Raptors,135.0,Home,Toronto Raptors,24.0
"Wed, Mar 24, 2021",Cleveland Cavaliers,103.0,Chicago Bulls,94.0,Visitor,Cleveland Cavaliers,9.0
"Wed, Mar 24, 2021",Charlotte Hornets,122.0,Houston Rockets,97.0,Visitor,Charlotte Hornets,25.0
"Wed, Mar 24, 2021",Dallas Mavericks,128.0,Minnesota Timberwolves,108.0,Visitor,Dallas Mavericks,20.0
"Wed, Mar 24, 2021",Memphis Grizzlies,116.0,Oklahoma City Thunder,107.0,Visitor,Memphis Grizzlies,9.0
"Wed, Mar 24, 2021",Phoenix Suns,111.0,Orlando Magic,112.0,Home,Orlando Magic,1.0
"Wed, Mar 24, 2021",Los Angeles Clippers,134.0,San Antonio Spurs,101.0,Visitor,Los Angeles Clippers,33.0
"Wed, Mar 24, 2021",Atlanta Hawks,108.0,Sacramento Kings,110.0,Home,Sacramento Kings,2.0
"Wed, Mar 24, 2021",Brooklyn Nets,88.0,Utah Jazz,118.0,Home,Utah Jazz,30.0
"Thu, Mar 25, 2021",Portland Trail Blazers,125.0,Miami Heat,122.0,Visitor,Portland Trail Blazers,3.0
"Thu, Mar 25, 2021",Washington Wizards,102.0,New York Knicks,106.0,Home,New York Knicks,4.0
"Thu, Mar 25, 2021",Los Angeles Clippers,98.0,San Antonio Spurs,85.0,Visitor,Los Angeles Clippers,13.0
"Thu, Mar 25, 2021",Philadelphia 76ers,109.0,Los Angeles Lakers,101.0,Visitor,Philadelphia 76ers,8.0
"Thu, Mar 25, 2021",Golden State Warriors,119.0,Sacramento Kings,141.0,Home,Sacramento Kings,22.0
"Fri, Mar 26, 2021",Brooklyn Nets,113.0,Detroit Pistons,111.0,Visitor,Brooklyn Nets,2.0
"Fri, Mar 26, 2021",Boston Celtics,122.0,Milwaukee Bucks,114.0,Visitor,Boston Celtics,8.0
"Fri, Mar 26, 2021",Phoenix Suns,104.0,Toronto Raptors,100.0,Visitor,Phoenix Suns,4.0
"Fri, Mar 26, 2021",Miami Heat,105.0,Charlotte Hornets,110.0,Home,Charlotte Hornets,5.0
"Fri, Mar 26, 2021",Houston Rockets,101.0,Minnesota Timberwolves,107.0,Home,Minnesota Timberwolves,6.0
"Fri, Mar 26, 2021",Denver Nuggets,113.0,New Orleans Pelicans,108.0,Visitor,Denver Nuggets,5.0
"Fri, Mar 26, 2021",Portland Trail Blazers,112.0,Orlando Magic,105.0,Visitor,Portland Trail Blazers,7.0
"Fri, Mar 26, 2021",Indiana Pacers,109.0,Dallas Mavericks,94.0,Visitor,Indiana Pacers,15.0
"Fri, Mar 26, 2021",Memphis Grizzlies,114.0,Utah Jazz,117.0,Home,Utah Jazz,3.0
"Fri, Mar 26, 2021",Atlanta Hawks,124.0,Golden State Warriors,108.0,Visitor,Atlanta Hawks,16.0
"Fri, Mar 26, 2021",Cleveland Cavaliers,86.0,Los Angeles Lakers,100.0,Home,Los Angeles Lakers,14.0
"Sat, Mar 27, 2021",New York Knicks,102.0,Milwaukee Bucks,96.0,Visitor,New York Knicks,6.0
"Sat, Mar 27, 2021",Houston Rockets,129.0,Minnesota Timberwolves,107.0,Visitor,Houston Rockets,22.0
"Sat, Mar 27, 2021",Detroit Pistons,92.0,Washington Wizards,106.0,Home,Washington Wizards,14.0
"Sat, Mar 27, 2021",Chicago Bulls,104.0,San Antonio Spurs,120.0,Home,San Antonio Spurs,16.0
"Sat, Mar 27, 2021",Dallas Mavericks,103.0,New Orleans Pelicans,112.0,Home,New Orleans Pelicans,9.0
"Sat, Mar 27, 2021",Boston Celtics,111.0,Oklahoma City Thunder,94.0,Visitor,Boston Celtics,17.0
"Sat, Mar 27, 2021",Memphis Grizzlies,110.0,Utah Jazz,126.0,Home,Utah Jazz,16.0
"Sat, Mar 27, 2021",Philadelphia 76ers,112.0,Los Angeles Clippers,122.0,Home,Los Angeles Clippers,10.0
"Sat, Mar 27, 2021",Cleveland Cavaliers,98.0,Sacramento Kings,100.0,Home,Sacramento Kings,2.0
"Sun, Mar 28, 2021",Phoenix Suns,101.0,Charlotte Hornets,97.0,Visitor,Phoenix Suns,4.0
"Sun, Mar 28, 2021",Portland Trail Blazers,122.0,Toronto Raptors,117.0,Visitor,Portland Trail Blazers,5.0
"Sun, Mar 28, 2021",Atlanta Hawks,102.0,Denver Nuggets,126.0,Home,Denver Nuggets,24.0
"Sun, Mar 28, 2021",Orlando Magic,93.0,Los Angeles Lakers,96.0,Home,Los Angeles Lakers,3.0
"Mon, Mar 29, 2021",Indiana Pacers,124.0,Washington Wizards,132.0,Home,Washington Wizards,8.0
"Mon, Mar 29, 2021",New Orleans Pelicans,115.0,Boston Celtics,109.0,Visitor,New Orleans Pelicans,6.0
"Mon, Mar 29, 2021",Minnesota Timberwolves,107.0,Brooklyn Nets,112.0,Home,Brooklyn Nets,5.0
"Mon, Mar 29, 2021",Miami Heat,98.0,New York Knicks,88.0,Visitor,Miami Heat,10.0
"Mon, Mar 29, 2021",Toronto Raptors,104.0,Detroit Pistons,118.0,Home,Detroit Pistons,14.0
"Mon, Mar 29, 2021",Memphis Grizzlies,120.0,Houston Rockets,110.0,Visitor,Memphis Grizzlies,10.0
"Mon, Mar 29, 2021",Dallas Mavericks,127.0,Oklahoma City Thunder,106.0,Visitor,Dallas Mavericks,21.0
"Mon, Mar 29, 2021",Sacramento Kings,132.0,San Antonio Spurs,115.0,Visitor,Sacramento Kings,17.0
"Mon, Mar 29, 2021",Cleveland Cavaliers,75.0,Utah Jazz,114.0,Home,Utah Jazz,39.0
"Mon, Mar 29, 2021",Chicago Bulls,102.0,Golden State Warriors,116.0,Home,Golden State Warriors,14.0
"Mon, Mar 29, 2021",Milwaukee Bucks,105.0,Los Angeles Clippers,129.0,Home,Los Angeles Clippers,24.0
"Tue, Mar 30, 2021",Charlotte Hornets,114.0,Washington Wizards,104.0,Visitor,Charlotte Hornets,10.0
"Tue, Mar 30, 2021",Philadelphia 76ers,95.0,Denver Nuggets,104.0,Home,Denver Nuggets,9.0
"Tue, Mar 30, 2021",Orlando Magic,103.0,Los Angeles Clippers,96.0,Visitor,Orlando Magic,7.0
"Tue, Mar 30, 2021",Atlanta Hawks,110.0,Phoenix Suns,117.0,Home,Phoenix Suns,7.0
"Wed, Mar 31, 2021",Portland Trail Blazers,124.0,Detroit Pistons,101.0,Visitor,Portland Trail Blazers,23.0
"Wed, Mar 31, 2021",Miami Heat,92.0,Indiana Pacers,87.0,Visitor,Miami Heat,5.0
"Wed, Mar 31, 2021",Dallas Mavericks,113.0,Boston Celtics,108.0,Visitor,Dallas Mavericks,5.0
"Wed, Mar 31, 2021",Houston Rockets,108.0,Brooklyn Nets,120.0,Home,Brooklyn Nets,12.0
"Wed, Mar 31, 2021",Utah Jazz,111.0,Memphis Grizzlies,107.0,Visitor,Utah Jazz,4.0
"Wed, Mar 31, 2021",New York Knicks,101.0,Minnesota Timberwolves,102.0,Home,Minnesota Timberwolves,1.0
"Wed, Mar 31, 2021",Toronto Raptors,103.0,Oklahoma City Thunder,113.0,Home,Oklahoma City Thunder,10.0
"Wed, Mar 31, 2021",Sacramento Kings,106.0,San Antonio Spurs,120.0,Home,San Antonio Spurs,14.0
"Wed, Mar 31, 2021",Milwaukee Bucks,112.0,Los Angeles Lakers,97.0,Visitor,Milwaukee Bucks,15.0
"Wed, Mar 31, 2021",Chicago Bulls,116.0,Phoenix Suns,121.0,Home,Phoenix Suns,5.0
"Thu, Apr 1, 2021",Philadelphia 76ers,114.0,Cleveland Cavaliers,94.0,Visitor,Philadelphia 76ers,20.0
"Thu, Apr 1, 2021",Washington Wizards,91.0,Detroit Pistons,120.0,Home,Detroit Pistons,29.0
"Thu, Apr 1, 2021",Charlotte Hornets,89.0,Brooklyn Nets,111.0,Home,Brooklyn Nets,22.0
"Thu, Apr 1, 2021",Golden State Warriors,109.0,Miami Heat,116.0,Home,Miami Heat,7.0
"Thu, Apr 1, 2021",Orlando Magic,115.0,New Orleans Pelicans,110.0,Visitor,Orlando Magic,5.0
"Thu, Apr 1, 2021",Atlanta Hawks,134.0,San Antonio Spurs,129.0,Visitor,Atlanta Hawks,5.0
"Thu, Apr 1, 2021",Denver Nuggets,101.0,Los Angeles Clippers,94.0,Visitor,Denver Nuggets,7.0
"Fri, Apr 2, 2021",Golden State Warriors,77.0,Toronto Raptors,130.0,Home,Toronto Raptors,53.0
"Fri, Apr 2, 2021",Houston Rockets,102.0,Boston Celtics,118.0,Home,Boston Celtics,16.0
"Fri, Apr 2, 2021",Dallas Mavericks,99.0,New York Knicks,86.0,Visitor,Dallas Mavericks,13.0
"Fri, Apr 2, 2021",Charlotte Hornets,114.0,Indiana Pacers,97.0,Visitor,Charlotte Hornets,17.0
"Fri, Apr 2, 2021",Minnesota Timberwolves,108.0,Memphis Grizzlies,120.0,Home,Memphis Grizzlies,12.0
"Fri, Apr 2, 2021",Atlanta Hawks,126.0,New Orleans Pelicans,103.0,Visitor,Atlanta Hawks,23.0
"Fri, Apr 2, 2021",Chicago Bulls,106.0,Utah Jazz,113.0,Home,Utah Jazz,7.0
"Fri, Apr 2, 2021",Oklahoma City Thunder,103.0,Phoenix Suns,140.0,Home,Phoenix Suns,37.0
"Fri, Apr 2, 2021",Milwaukee Bucks,127.0,Portland Trail Blazers,109.0,Visitor,Milwaukee Bucks,18.0
"Fri, Apr 2, 2021",Los Angeles Lakers,115.0,Sacramento Kings,94.0,Visitor,Los Angeles Lakers,21.0
"Sat, Apr 3, 2021",Dallas Mavericks,109.0,Washington Wizards,87.0,Visitor,Dallas Mavericks,22.0
"Sat, Apr 3, 2021",New York Knicks,125.0,Detroit Pistons,81.0,Visitor,New York Knicks,44.0
"Sat, Apr 3, 2021",Cleveland Cavaliers,101.0,Miami Heat,115.0,Home,Miami Heat,14.0
"Sat, Apr 3, 2021",Minnesota Timberwolves,113.0,Philadelphia 76ers,122.0,Home,Philadelphia 76ers,9.0
"Sat, Apr 3, 2021",Indiana Pacers,139.0,San Antonio Spurs,133.0,Visitor,Indiana Pacers,6.0
"Sat, Apr 3, 2021",Orlando Magic,91.0,Utah Jazz,137.0,Home,Utah Jazz,46.0
"Sat, Apr 3, 2021",Oklahoma City Thunder,85.0,Portland Trail Blazers,133.0,Home,Portland Trail Blazers,48.0
"Sat, Apr 3, 2021",Milwaukee Bucks,129.0,Sacramento Kings,128.0,Visitor,Milwaukee Bucks,1.0
"Sun, Apr 4, 2021",Brooklyn Nets,107.0,Chicago Bulls,115.0,Home,Chicago Bulls,8.0
"Sun, Apr 4, 2021",Los Angeles Lakers,86.0,Los Angeles Clippers,104.0,Home,Los Angeles Clippers,18.0
"Sun, Apr 4, 2021",Charlotte Hornets,86.0,Boston Celtics,116.0,Home,Boston Celtics,30.0
"Sun, Apr 4, 2021",Memphis Grizzlies,116.0,Philadelphia 76ers,100.0,Visitor,Memphis Grizzlies,16.0
"Sun, Apr 4, 2021",Golden State Warriors,111.0,Atlanta Hawks,117.0,Home,Atlanta Hawks,6.0
"Sun, Apr 4, 2021",New Orleans Pelicans,122.0,Houston Rockets,115.0,Visitor,New Orleans Pelicans,7.0
"Sun, Apr 4, 2021",Orlando Magic,109.0,Denver Nuggets,119.0,Home,Denver Nuggets,10.0
"Mon, Apr 5, 2021",New York Knicks,112.0,Brooklyn Nets,114.0,Home,Brooklyn Nets,2.0
"Mon, Apr 5, 2021",Utah Jazz,103.0,Dallas Mavericks,111.0,Home,Dallas Mavericks,8.0
"Mon, Apr 5, 2021",Sacramento Kings,106.0,Minnesota Timberwolves,116.0,Home,Minnesota Timberwolves,10.0
"Mon, Apr 5, 2021",Detroit Pistons,132.0,Oklahoma City Thunder,108.0,Visitor,Detroit Pistons,24.0
"Mon, Apr 5, 2021",Cleveland Cavaliers,125.0,San Antonio Spurs,101.0,Visitor,Cleveland Cavaliers,24.0
"Mon, Apr 5, 2021",Washington Wizards,101.0,Toronto Raptors,103.0,Home,Toronto Raptors,2.0
"Mon, Apr 5, 2021",Phoenix Suns,133.0,Houston Rockets,130.0,Visitor,Phoenix Suns,3.0
"Tue, Apr 6, 2021",Chicago Bulls,113.0,Indiana Pacers,97.0,Visitor,Chicago Bulls,16.0
"Tue, Apr 6, 2021",New Orleans Pelicans,107.0,Atlanta Hawks,123.0,Home,Atlanta Hawks,16.0
"Tue, Apr 6, 2021",Philadelphia 76ers,106.0,Boston Celtics,96.0,Visitor,Philadelphia 76ers,10.0
"Tue, Apr 6, 2021",Los Angeles Lakers,110.0,Toronto Raptors,101.0,Visitor,Los Angeles Lakers,9.0
"Tue, Apr 6, 2021",Memphis Grizzlies,124.0,Miami Heat,112.0,Visitor,Memphis Grizzlies,12.0
"Tue, Apr 6, 2021",Detroit Pistons,119.0,Denver Nuggets,134.0,Home,Denver Nuggets,15.0
"Tue, Apr 6, 2021",Milwaukee Bucks,121.0,Golden State Warriors,122.0,Home,Golden State Warriors,1.0
"Tue, Apr 6, 2021",Portland Trail Blazers,116.0,Los Angeles Clippers,133.0,Home,Los Angeles Clippers,17.0
"Wed, Apr 7, 2021",Minnesota Timberwolves,137.0,Indiana Pacers,141.0,Home,Indiana Pacers,4.0
"Wed, Apr 7, 2021",Washington Wizards,131.0,Orlando Magic,116.0,Visitor,Washington Wizards,15.0
"Wed, Apr 7, 2021",New York Knicks,99.0,Boston Celtics,101.0,Home,Boston Celtics,2.0
"Wed, Apr 7, 2021",New Orleans Pelicans,111.0,Brooklyn Nets,139.0,Home,Brooklyn Nets,28.0
"Wed, Apr 7, 2021",Memphis Grizzlies,131.0,Atlanta Hawks,113.0,Visitor,Memphis Grizzlies,18.0
"Wed, Apr 7, 2021",Dallas Mavericks,93.0,Houston Rockets,102.0,Home,Houston Rockets,9.0
"Wed, Apr 7, 2021",Charlotte Hornets,113.0,Oklahoma City Thunder,102.0,Visitor,Charlotte Hornets,11.0
"Wed, Apr 7, 2021",San Antonio Spurs,96.0,Denver Nuggets,106.0,Home,Denver Nuggets,10.0
"Wed, Apr 7, 2021",Utah Jazz,113.0,Phoenix Suns,117.0,Home,Phoenix Suns,4.0
"Thu, Apr 8, 2021",Los Angeles Lakers,104.0,Miami Heat,110.0,Home,Miami Heat,6.0
"Thu, Apr 8, 2021",Chicago Bulls,122.0,Toronto Raptors,113.0,Visitor,Chicago Bulls,9.0
"Thu, Apr 8, 2021",Cleveland Cavaliers,129.0,Oklahoma City Thunder,102.0,Visitor,Cleveland Cavaliers,27.0
"Thu, Apr 8, 2021",Milwaukee Bucks,101.0,Dallas Mavericks,116.0,Home,Dallas Mavericks,15.0
"Thu, Apr 8, 2021",Phoenix Suns,103.0,Los Angeles Clippers,113.0,Home,Los Angeles Clippers,10.0
"Thu, Apr 8, 2021",Detroit Pistons,113.0,Sacramento Kings,101.0,Visitor,Detroit Pistons,12.0
"Thu, Apr 8, 2021",Portland Trail Blazers,103.0,Utah Jazz,122.0,Home,Utah Jazz,19.0
"Fri, Apr 9, 2021",Indiana Pacers,111.0,Orlando Magic,106.0,Visitor,Indiana Pacers,5.0
"Fri, Apr 9, 2021",Minnesota Timberwolves,136.0,Boston Celtics,145.0,Home,Boston Celtics,9.0
"Fri, Apr 9, 2021",Memphis Grizzlies,129.0,New York Knicks,133.0,Home,New York Knicks,4.0
"Fri, Apr 9, 2021",Chicago Bulls,108.0,Atlanta Hawks,120.0,Home,Atlanta Hawks,12.0
"Fri, Apr 9, 2021",Philadelphia 76ers,94.0,New Orleans Pelicans,101.0,Home,New Orleans Pelicans,7.0
"Fri, Apr 9, 2021",San Antonio Spurs,119.0,Denver Nuggets,121.0,Home,Denver Nuggets,2.0
"Fri, Apr 9, 2021",Charlotte Hornets,127.0,Milwaukee Bucks,119.0,Visitor,Charlotte Hornets,8.0
"Fri, Apr 9, 2021",Washington Wizards,110.0,Golden State Warriors,107.0,Visitor,Washington Wizards,3.0
"Fri, Apr 9, 2021",Houston Rockets,109.0,Los Angeles Clippers,126.0,Home,Los Angeles Clippers,17.0
"Sat, Apr 10, 2021",Toronto Raptors,135.0,Cleveland Cavaliers,115.0,Visitor,Toronto Raptors,20.0
"Sat, Apr 10, 2021",Los Angeles Lakers,126.0,Brooklyn Nets,101.0,Visitor,Los Angeles Lakers,25.0
"Sat, Apr 10, 2021",Philadelphia 76ers,117.0,Oklahoma City Thunder,93.0,Visitor,Philadelphia 76ers,24.0
"Sat, Apr 10, 2021",Sacramento Kings,112.0,Utah Jazz,128.0,Home,Utah Jazz,16.0
"Sat, Apr 10, 2021",Houston Rockets,109.0,Golden State Warriors,125.0,Home,Golden State Warriors,16.0
"Sat, Apr 10, 2021",Washington Wizards,106.0,Phoenix Suns,134.0,Home,Phoenix Suns,28.0
"Sat, Apr 10, 2021",Detroit Pistons,103.0,Portland Trail Blazers,118.0,Home,Portland Trail Blazers,15.0
"Sun, Apr 11, 2021",Atlanta Hawks,105.0,Charlotte Hornets,101.0,Visitor,Atlanta Hawks,4.0
"Sun, Apr 11, 2021",Boston Celtics,105.0,Denver Nuggets,87.0,Visitor,Boston Celtics,18.0
"Sun, Apr 11, 2021",New Orleans Pelicans,116.0,Cleveland Cavaliers,109.0,Visitor,New Orleans Pelicans,7.0
"Sun, Apr 11, 2021",Milwaukee Bucks,124.0,Orlando Magic,87.0,Visitor,Milwaukee Bucks,37.0
"Sun, Apr 11, 2021",San Antonio Spurs,119.0,Dallas Mavericks,117.0,Visitor,San Antonio Spurs,2.0
"Sun, Apr 11, 2021",Indiana Pacers,132.0,Memphis Grizzlies,125.0,Visitor,Indiana Pacers,7.0
"Sun, Apr 11, 2021",Chicago Bulls,117.0,Minnesota Timberwolves,121.0,Home,Minnesota Timberwolves,4.0
"Sun, Apr 11, 2021",Toronto Raptors,96.0,New York Knicks,102.0,Home,New York Knicks,6.0
"Sun, Apr 11, 2021",Detroit Pistons,124.0,Los Angeles Clippers,131.0,Home,Los Angeles Clippers,7.0
"Sun, Apr 11, 2021",Miami Heat,107.0,Portland Trail Blazers,98.0,Visitor,Miami Heat,9.0
"Mon, Apr 12, 2021",Philadelphia 76ers,113.0,Dallas Mavericks,95.0,Visitor,Philadelphia 76ers,18.0
"Mon, Apr 12, 2021",Los Angeles Lakers,96.0,New York Knicks,111.0,Home,New York Knicks,15.0
"Mon, Apr 12, 2021",San Antonio Spurs,120.0,Orlando Magic,97.0,Visitor,San Antonio Spurs,23.0
"Mon, Apr 12, 2021",Chicago Bulls,90.0,Memphis Grizzlies,101.0,Home,Memphis Grizzlies,11.0
"Mon, Apr 12, 2021",Sacramento Kings,110.0,New Orleans Pelicans,117.0,Home,New Orleans Pelicans,7.0
"Mon, Apr 12, 2021",Washington Wizards,125.0,Utah Jazz,121.0,Visitor,Washington Wizards,4.0
"Mon, Apr 12, 2021",Denver Nuggets,107.0,Golden State Warriors,116.0,Home,Golden State Warriors,9.0
"Mon, Apr 12, 2021",Houston Rockets,120.0,Phoenix Suns,126.0,Home,Phoenix Suns,6.0
"Tue, Apr 13, 2021",Brooklyn Nets,127.0,Minnesota Timberwolves,97.0,Visitor,Brooklyn Nets,30.0
"Tue, Apr 13, 2021",Los Angeles Clippers,126.0,Indiana Pacers,115.0,Visitor,Los Angeles Clippers,11.0
"Tue, Apr 13, 2021",Atlanta Hawks,108.0,Toronto Raptors,103.0,Visitor,Atlanta Hawks,5.0
"Tue, Apr 13, 2021",Los Angeles Lakers,101.0,Charlotte Hornets,93.0,Visitor,Los Angeles Lakers,8.0
"Tue, Apr 13, 2021",Oklahoma City Thunder,96.0,Utah Jazz,106.0,Home,Utah Jazz,10.0
"Tue, Apr 13, 2021",Miami Heat,86.0,Phoenix Suns,106.0,Home,Phoenix Suns,20.0
"Tue, Apr 13, 2021",Boston Celtics,116.0,Portland Trail Blazers,115.0,Visitor,Boston Celtics,1.0
"Wed, Apr 14, 2021",Milwaukee Bucks,130.0,Minnesota Timberwolves,105.0,Visitor,Milwaukee Bucks,25.0
"Wed, Apr 14, 2021",Cleveland Cavaliers,103.0,Charlotte Hornets,90.0,Visitor,Cleveland Cavaliers,13.0
"Wed, Apr 14, 2021",Brooklyn Nets,117.0,Philadelphia 76ers,123.0,Home,Philadelphia 76ers,6.0
"Wed, Apr 14, 2021",San Antonio Spurs,112.0,Toronto Raptors,117.0,Home,Toronto Raptors,5.0
"Wed, Apr 14, 2021",Orlando Magic,115.0,Chicago Bulls,106.0,Visitor,Orlando Magic,9.0
"Wed, Apr 14, 2021",Los Angeles Clippers,100.0,Detroit Pistons,98.0,Visitor,Los Angeles Clippers,2.0
"Wed, Apr 14, 2021",New York Knicks,116.0,New Orleans Pelicans,106.0,Visitor,New York Knicks,10.0
"Wed, Apr 14, 2021",Indiana Pacers,132.0,Houston Rockets,124.0,Visitor,Indiana Pacers,8.0
"Wed, Apr 14, 2021",Golden State Warriors,147.0,Oklahoma City Thunder,109.0,Visitor,Golden State Warriors,38.0
"Wed, Apr 14, 2021",Dallas Mavericks,114.0,Memphis Grizzlies,113.0,Visitor,Dallas Mavericks,1.0
"Wed, Apr 14, 2021",Miami Heat,106.0,Denver Nuggets,123.0,Home,Denver Nuggets,17.0
"Wed, Apr 14, 2021",Washington Wizards,123.0,Sacramento Kings,111.0,Visitor,Washington Wizards,12.0
"Thu, Apr 15, 2021",Milwaukee Bucks,120.0,Atlanta Hawks,109.0,Visitor,Milwaukee Bucks,11.0
"Thu, Apr 15, 2021",Golden State Warriors,119.0,Cleveland Cavaliers,101.0,Visitor,Golden State Warriors,18.0
"Thu, Apr 15, 2021",Boston Celtics,121.0,Los Angeles Lakers,113.0,Visitor,Boston Celtics,8.0
"Thu, Apr 15, 2021",Sacramento Kings,114.0,Phoenix Suns,122.0,Home,Phoenix Suns,8.0
"Fri, Apr 16, 2021",Indiana Pacers,111.0,Utah Jazz,119.0,Home,Utah Jazz,8.0
"Fri, Apr 16, 2021",Oklahoma City Thunder,104.0,Detroit Pistons,110.0,Home,Detroit Pistons,6.0
"Fri, Apr 16, 2021",Los Angeles Clippers,103.0,Philadelphia 76ers,106.0,Home,Philadelphia 76ers,3.0
"Fri, Apr 16, 2021",New Orleans Pelicans,115.0,Washington Wizards,117.0,Home,Washington Wizards,2.0
"Fri, Apr 16, 2021",Charlotte Hornets,115.0,Brooklyn Nets,130.0,Home,Brooklyn Nets,15.0
"Fri, Apr 16, 2021",Orlando Magic,102.0,Toronto Raptors,113.0,Home,Toronto Raptors,11.0
"Fri, Apr 16, 2021",Memphis Grizzlies,126.0,Chicago Bulls,115.0,Visitor,Memphis Grizzlies,11.0
"Fri, Apr 16, 2021",Denver Nuggets,128.0,Houston Rockets,99.0,Visitor,Denver Nuggets,29.0
"Fri, Apr 16, 2021",Miami Heat,111.0,Minnesota Timberwolves,119.0,Home,Minnesota Timberwolves,8.0
"Fri, Apr 16, 2021",Portland Trail Blazers,107.0,San Antonio Spurs,106.0,Visitor,Portland Trail Blazers,1.0
"Fri, Apr 16, 2021",New York Knicks,117.0,Dallas Mavericks,109.0,Visitor,New York Knicks,8.0
"Sat, Apr 17, 2021",Utah Jazz,115.0,Los Angeles Lakers,127.0,Home,Los Angeles Lakers,12.0
"Sat, Apr 17, 2021",Cleveland Cavaliers,96.0,Chicago Bulls,106.0,Home,Chicago Bulls,10.0
"Sat, Apr 17, 2021",Detroit Pistons,100.0,Washington Wizards,121.0,Home,Washington Wizards,21.0
"Sat, Apr 17, 2021",Golden State Warriors,114.0,Boston Celtics,119.0,Home,Boston Celtics,5.0
"Sat, Apr 17, 2021",Memphis Grizzlies,128.0,Milwaukee Bucks,115.0,Visitor,Memphis Grizzlies,13.0
"Sat, Apr 17, 2021",San Antonio Spurs,111.0,Phoenix Suns,85.0,Visitor,San Antonio Spurs,26.0
"Sun, Apr 18, 2021",Indiana Pacers,117.0,Atlanta Hawks,129.0,Home,Atlanta Hawks,12.0
"Sun, Apr 18, 2021",New Orleans Pelicans,112.0,New York Knicks,122.0,Home,New York Knicks,10.0
"Sun, Apr 18, 2021",Brooklyn Nets,107.0,Miami Heat,109.0,Home,Miami Heat,2.0
"Sun, Apr 18, 2021",Portland Trail Blazers,101.0,Charlotte Hornets,109.0,Home,Charlotte Hornets,8.0
"Sun, Apr 18, 2021",Houston Rockets,114.0,Orlando Magic,110.0,Visitor,Houston Rockets,4.0
"Sun, Apr 18, 2021",Oklahoma City Thunder,106.0,Toronto Raptors,112.0,Home,Toronto Raptors,6.0
"Sun, Apr 18, 2021",Sacramento Kings,121.0,Dallas Mavericks,107.0,Visitor,Sacramento Kings,14.0
"Sun, Apr 18, 2021",Minnesota Timberwolves,105.0,Los Angeles Clippers,124.0,Home,Los Angeles Clippers,19.0
"Mon, Apr 19, 2021",Cleveland Cavaliers,105.0,Detroit Pistons,109.0,Home,Detroit Pistons,4.0
"Mon, Apr 19, 2021",Chicago Bulls,102.0,Boston Celtics,96.0,Visitor,Chicago Bulls,6.0
"Mon, Apr 19, 2021",Golden State Warriors,107.0,Philadelphia 76ers,96.0,Visitor,Golden State Warriors,11.0
"Mon, Apr 19, 2021",San Antonio Spurs,109.0,Indiana Pacers,94.0,Visitor,San Antonio Spurs,15.0
"Mon, Apr 19, 2021",Houston Rockets,91.0,Miami Heat,113.0,Home,Miami Heat,22.0
"Mon, Apr 19, 2021",Phoenix Suns,128.0,Milwaukee Bucks,127.0,Visitor,Phoenix Suns,1.0
"Mon, Apr 19, 2021",Oklahoma City Thunder,107.0,Washington Wizards,119.0,Home,Washington Wizards,12.0
"Mon, Apr 19, 2021",Memphis Grizzlies,137.0,Denver Nuggets,139.0,Home,Denver Nuggets,2.0
"Mon, Apr 19, 2021",Utah Jazz,111.0,Los Angeles Lakers,97.0,Visitor,Utah Jazz,14.0
"Tue, Apr 20, 2021",Orlando Magic,96.0,Atlanta Hawks,112.0,Home,Atlanta Hawks,16.0
"Tue, Apr 20, 2021",Brooklyn Nets,134.0,New Orleans Pelicans,129.0,Visitor,Brooklyn Nets,5.0
"Tue, Apr 20, 2021",Charlotte Hornets,97.0,New York Knicks,109.0,Home,New York Knicks,12.0
"Tue, Apr 20, 2021",Los Angeles Clippers,113.0,Portland Trail Blazers,112.0,Visitor,Los Angeles Clippers,1.0
"Tue, Apr 20, 2021",Minnesota Timberwolves,134.0,Sacramento Kings,120.0,Visitor,Minnesota Timberwolves,14.0
"Wed, Apr 21, 2021",Chicago Bulls,105.0,Cleveland Cavaliers,121.0,Home,Cleveland Cavaliers,16.0
"Wed, Apr 21, 2021",Oklahoma City Thunder,116.0,Indiana Pacers,122.0,Home,Indiana Pacers,6.0
"Wed, Apr 21, 2021",Phoenix Suns,116.0,Philadelphia 76ers,113.0,Visitor,Phoenix Suns,3.0
"Wed, Apr 21, 2021",Brooklyn Nets,103.0,Toronto Raptors,114.0,Home,Toronto Raptors,11.0
"Wed, Apr 21, 2021",Golden State Warriors,114.0,Washington Wizards,118.0,Home,Washington Wizards,4.0
"Wed, Apr 21, 2021",Utah Jazz,112.0,Houston Rockets,89.0,Visitor,Utah Jazz,23.0
"Wed, Apr 21, 2021",Atlanta Hawks,127.0,New York Knicks,137.0,Home,New York Knicks,10.0
"Wed, Apr 21, 2021",Detroit Pistons,117.0,Dallas Mavericks,127.0,Home,Dallas Mavericks,10.0
"Wed, Apr 21, 2021",Miami Heat,107.0,San Antonio Spurs,87.0,Visitor,Miami Heat,20.0
"Wed, Apr 21, 2021",Memphis Grizzlies,105.0,Los Angeles Clippers,117.0,Home,Los Angeles Clippers,12.0
"Wed, Apr 21, 2021",Denver Nuggets,106.0,Portland Trail Blazers,105.0,Visitor,Denver Nuggets,1.0
"Wed, Apr 21, 2021",Minnesota Timberwolves,125.0,Sacramento Kings,128.0,Home,Sacramento Kings,3.0
"Thu, Apr 22, 2021",Phoenix Suns,86.0,Boston Celtics,99.0,Home,Boston Celtics,13.0
"Thu, Apr 22, 2021",Philadelphia 76ers,117.0,Milwaukee Bucks,124.0,Home,Milwaukee Bucks,7.0
"Thu, Apr 22, 2021",New Orleans Pelicans,135.0,Orlando Magic,100.0,Visitor,New Orleans Pelicans,35.0
"Thu, Apr 22, 2021",Detroit Pistons,91.0,San Antonio Spurs,106.0,Home,San Antonio Spurs,15.0
"Thu, Apr 22, 2021",Charlotte Hornets,91.0,Chicago Bulls,108.0,Home,Chicago Bulls,17.0
"Thu, Apr 22, 2021",Los Angeles Lakers,110.0,Dallas Mavericks,115.0,Home,Dallas Mavericks,5.0
"Fri, Apr 23, 2021",Miami Heat,103.0,Atlanta Hawks,118.0,Home,Atlanta Hawks,15.0
"Fri, Apr 23, 2021",Boston Celtics,104.0,Brooklyn Nets,109.0,Home,Brooklyn Nets,5.0
"Fri, Apr 23, 2021",Cleveland Cavaliers,102.0,Charlotte Hornets,108.0,Home,Charlotte Hornets,6.0
"Fri, Apr 23, 2021",Los Angeles Clippers,109.0,Houston Rockets,104.0,Visitor,Los Angeles Clippers,5.0
"Fri, Apr 23, 2021",Washington Wizards,129.0,Oklahoma City Thunder,109.0,Visitor,Washington Wizards,20.0
"Fri, Apr 23, 2021",Denver Nuggets,97.0,Golden State Warriors,118.0,Home,Golden State Warriors,21.0
"Fri, Apr 23, 2021",Memphis Grizzlies,130.0,Portland Trail Blazers,128.0,Visitor,Memphis Grizzlies,2.0
"Sat, Apr 24, 2021",Toronto Raptors,103.0,New York Knicks,120.0,Home,New York Knicks,17.0
"Sat, Apr 24, 2021",Philadelphia 76ers,94.0,Milwaukee Bucks,132.0,Home,Milwaukee Bucks,38.0
"Sat, Apr 24, 2021",Detroit Pistons,109.0,Indiana Pacers,115.0,Home,Indiana Pacers,6.0
"Sat, Apr 24, 2021",Chicago Bulls,101.0,Miami Heat,106.0,Home,Miami Heat,5.0
"Sat, Apr 24, 2021",San Antonio Spurs,110.0,New Orleans Pelicans,108.0,Visitor,San Antonio Spurs,2.0
"Sat, Apr 24, 2021",Los Angeles Lakers,93.0,Dallas Mavericks,108.0,Home,Dallas Mavericks,15.0
"Sat, Apr 24, 2021",Minnesota Timberwolves,101.0,Utah Jazz,96.0,Visitor,Minnesota Timberwolves,5.0
"Sat, Apr 24, 2021",Houston Rockets,116.0,Denver Nuggets,129.0,Home,Denver Nuggets,13.0
"Sun, Apr 25, 2021",Boston Celtics,104.0,Charlotte Hornets,125.0,Home,Charlotte Hornets,21.0
"Sun, Apr 25, 2021",Phoenix Suns,119.0,Brooklyn Nets,128.0,Home,Brooklyn Nets,9.0
"Sun, Apr 25, 2021",Memphis Grizzlies,120.0,Portland Trail Blazers,113.0,Visitor,Memphis Grizzlies,7.0
"Sun, Apr 25, 2021",Cleveland Cavaliers,110.0,Washington Wizards,119.0,Home,Washington Wizards,9.0
"Sun, Apr 25, 2021",Milwaukee Bucks,104.0,Atlanta Hawks,111.0,Home,Atlanta Hawks,7.0
"Sun, Apr 25, 2021",Indiana Pacers,131.0,Orlando Magic,112.0,Visitor,Indiana Pacers,19.0
"Sun, Apr 25, 2021",Sacramento Kings,113.0,Golden State Warriors,117.0,Home,Golden State Warriors,4.0
"Mon, Apr 26, 2021",Atlanta Hawks,86.0,Detroit Pistons,100.0,Home,Detroit Pistons,14.0
"Mon, Apr 26, 2021",Los Angeles Lakers,114.0,Orlando Magic,103.0,Visitor,Los Angeles Lakers,11.0
"Mon, Apr 26, 2021",Oklahoma City Thunder,90.0,Philadelphia 76ers,121.0,Home,Philadelphia 76ers,31.0
"Mon, Apr 26, 2021",San Antonio Spurs,146.0,Washington Wizards,143.0,Visitor,San Antonio Spurs,3.0
"Mon, Apr 26, 2021",Phoenix Suns,118.0,New York Knicks,110.0,Visitor,Phoenix Suns,8.0
"Mon, Apr 26, 2021",Cleveland Cavaliers,96.0,Toronto Raptors,112.0,Home,Toronto Raptors,16.0
"Mon, Apr 26, 2021",Chicago Bulls,110.0,Miami Heat,102.0,Visitor,Chicago Bulls,8.0
"Mon, Apr 26, 2021",Utah Jazz,104.0,Minnesota Timberwolves,105.0,Home,Minnesota Timberwolves,1.0
"Mon, Apr 26, 2021",Los Angeles Clippers,103.0,New Orleans Pelicans,120.0,Home,New Orleans Pelicans,17.0
"Mon, Apr 26, 2021",Memphis Grizzlies,96.0,Denver Nuggets,120.0,Home,Denver Nuggets,24.0
"Mon, Apr 26, 2021",Dallas Mavericks,106.0,Sacramento Kings,113.0,Home,Sacramento Kings,7.0
"Tue, Apr 27, 2021",Oklahoma City Thunder,119.0,Boston Celtics,115.0,Visitor,Oklahoma City Thunder,4.0
"Tue, Apr 27, 2021",Milwaukee Bucks,114.0,Charlotte Hornets,104.0,Visitor,Milwaukee Bucks,10.0
"Tue, Apr 27, 2021",Portland Trail Blazers,133.0,Indiana Pacers,112.0,Visitor,Portland Trail Blazers,21.0
"Tue, Apr 27, 2021",Brooklyn Nets,116.0,Toronto Raptors,103.0,Visitor,Brooklyn Nets,13.0
"Tue, Apr 27, 2021",Minnesota Timberwolves,114.0,Houston Rockets,107.0,Visitor,Minnesota Timberwolves,7.0
"Tue, Apr 27, 2021",Dallas Mavericks,133.0,Golden State Warriors,103.0,Visitor,Dallas Mavericks,30.0
"Wed, Apr 28, 2021",Orlando Magic,109.0,Cleveland Cavaliers,104.0,Visitor,Orlando Magic,5.0
"Wed, Apr 28, 2021",Atlanta Hawks,83.0,Philadelphia 76ers,127.0,Home,Philadelphia 76ers,44.0
"Wed, Apr 28, 2021",Charlotte Hornets,111.0,Boston Celtics,120.0,Home,Boston Celtics,9.0
"Wed, Apr 28, 2021",Chicago Bulls,94.0,New York Knicks,113.0,Home,New York Knicks,19.0
"Wed, Apr 28, 2021",Los Angeles Lakers,107.0,Washington Wizards,116.0,Home,Washington Wizards,9.0
"Wed, Apr 28, 2021",San Antonio Spurs,111.0,Miami Heat,116.0,Home,Miami Heat,5.0
"Wed, Apr 28, 2021",New Orleans Pelicans,112.0,Denver Nuggets,114.0,Home,Denver Nuggets,2.0
"Wed, Apr 28, 2021",Portland Trail Blazers,130.0,Memphis Grizzlies,109.0,Visitor,Portland Trail Blazers,21.0
"Wed, Apr 28, 2021",Los Angeles Clippers,101.0,Phoenix Suns,109.0,Home,Phoenix Suns,8.0
"Wed, Apr 28, 2021",Utah Jazz,154.0,Sacramento Kings,105.0,Visitor,Utah Jazz,49.0
"Thu, Apr 29, 2021",Dallas Mavericks,115.0,Detroit Pistons,105.0,Visitor,Dallas Mavericks,10.0
"Thu, Apr 29, 2021",Brooklyn Nets,130.0,Indiana Pacers,113.0,Visitor,Brooklyn Nets,17.0
"Thu, Apr 29, 2021",Milwaukee Bucks,136.0,Houston Rockets,143.0,Home,Houston Rockets,7.0
"Thu, Apr 29, 2021",Golden State Warriors,114.0,Minnesota Timberwolves,126.0,Home,Minnesota Timberwolves,12.0
"Thu, Apr 29, 2021",Toronto Raptors,111.0,Denver Nuggets,121.0,Home,Denver Nuggets,10.0
"Thu, Apr 29, 2021",New Orleans Pelicans,109.0,Oklahoma City Thunder,95.0,Visitor,New Orleans Pelicans,14.0
"Fri, Apr 30, 2021",Atlanta Hawks,104.0,Philadelphia 76ers,126.0,Home,Philadelphia 76ers,22.0
"Fri, Apr 30, 2021",San Antonio Spurs,140.0,Boston Celtics,143.0,Home,Boston Celtics,3.0
"Fri, Apr 30, 2021",Washington Wizards,122.0,Cleveland Cavaliers,93.0,Visitor,Washington Wizards,29.0
"Fri, Apr 30, 2021",Portland Trail Blazers,128.0,Brooklyn Nets,109.0,Visitor,Portland Trail Blazers,19.0
"Fri, Apr 30, 2021",Orlando Magic,75.0,Memphis Grizzlies,92.0,Home,Memphis Grizzlies,17.0
"Fri, Apr 30, 2021",Milwaukee Bucks,108.0,Chicago Bulls,98.0,Visitor,Milwaukee Bucks,10.0
"Fri, Apr 30, 2021",Utah Jazz,100.0,Phoenix Suns,121.0,Home,Phoenix Suns,21.0
"Fri, Apr 30, 2021",Sacramento Kings,110.0,Los Angeles Lakers,106.0,Visitor,Sacramento Kings,4.0
"Sat, May 1, 2021",Detroit Pistons,94.0,Charlotte Hornets,107.0,Home,Charlotte Hornets,13.0
"Sat, May 1, 2021",Golden State Warriors,113.0,Houston Rockets,87.0,Visitor,Golden State Warriors,26.0
"Sat, May 1, 2021",Chicago Bulls,97.0,Atlanta Hawks,108.0,Home,Atlanta Hawks,11.0
"Sat, May 1, 2021",Miami Heat,124.0,Cleveland Cavaliers,107.0,Visitor,Miami Heat,17.0
"Sat, May 1, 2021",New Orleans Pelicans,140.0,Minnesota Timberwolves,136.0,Visitor,New Orleans Pelicans,4.0
"Sat, May 1, 2021",Indiana Pacers,152.0,Oklahoma City Thunder,95.0,Visitor,Indiana Pacers,57.0
"Sat, May 1, 2021",Memphis Grizzlies,111.0,Orlando Magic,112.0,Home,Orlando Magic,1.0
"Sat, May 1, 2021",Washington Wizards,124.0,Dallas Mavericks,125.0,Home,Dallas Mavericks,1.0
"Sat, May 1, 2021",Denver Nuggets,110.0,Los Angeles Clippers,104.0,Visitor,Denver Nuggets,6.0
"Sat, May 1, 2021",Toronto Raptors,102.0,Utah Jazz,106.0,Home,Utah Jazz,4.0
"Sun, May 2, 2021",Brooklyn Nets,114.0,Milwaukee Bucks,117.0,Home,Milwaukee Bucks,3.0
"Sun, May 2, 2021",Portland Trail Blazers,129.0,Boston Celtics,119.0,Visitor,Portland Trail Blazers,10.0
"Sun, May 2, 2021",Miami Heat,121.0,Charlotte Hornets,111.0,Visitor,Miami Heat,10.0
"Sun, May 2, 2021",Sacramento Kings,111.0,Dallas Mavericks,99.0,Visitor,Sacramento Kings,12.0
"Sun, May 2, 2021",New York Knicks,122.0,Houston Rockets,97.0,Visitor,New York Knicks,25.0
"Sun, May 2, 2021",Phoenix Suns,123.0,Oklahoma City Thunder,120.0,Visitor,Phoenix Suns,3.0
"Sun, May 2, 2021",Philadelphia 76ers,113.0,San Antonio Spurs,111.0,Visitor,Philadelphia 76ers,2.0
"Sun, May 2, 2021",Toronto Raptors,121.0,Los Angeles Lakers,114.0,Visitor,Toronto Raptors,7.0
"Mon, May 3, 2021",Orlando Magic,119.0,Detroit Pistons,112.0,Visitor,Orlando Magic,7.0
"Mon, May 3, 2021",Indiana Pacers,141.0,Washington Wizards,154.0,Home,Washington Wizards,13.0
"Mon, May 3, 2021",Golden State Warriors,123.0,New Orleans Pelicans,108.0,Visitor,Golden State Warriors,15.0
"Mon, May 3, 2021",Portland Trail Blazers,114.0,Atlanta Hawks,123.0,Home,Atlanta Hawks,9.0
"Mon, May 3, 2021",Philadelphia 76ers,106.0,Chicago Bulls,94.0,Visitor,Philadelphia 76ers,12.0
"Mon, May 3, 2021",New York Knicks,118.0,Memphis Grizzlies,104.0,Visitor,New York Knicks,14.0
"Mon, May 3, 2021",Denver Nuggets,89.0,Los Angeles Lakers,93.0,Home,Los Angeles Lakers,4.0
"Mon, May 3, 2021",San Antonio Spurs,99.0,Utah Jazz,110.0,Home,Utah Jazz,11.0
"Tue, May 4, 2021",Phoenix Suns,134.0,Cleveland Cavaliers,118.0,Visitor,Phoenix Suns,16.0
"Tue, May 4, 2021",Charlotte Hornets,102.0,Detroit Pistons,99.0,Visitor,Charlotte Hornets,3.0
"Tue, May 4, 2021",Brooklyn Nets,118.0,Milwaukee Bucks,124.0,Home,Milwaukee Bucks,6.0
"Tue, May 4, 2021",Dallas Mavericks,127.0,Miami Heat,113.0,Visitor,Dallas Mavericks,14.0
"Tue, May 4, 2021",Golden State Warriors,103.0,New Orleans Pelicans,108.0,Home,New Orleans Pelicans,5.0
"Tue, May 4, 2021",Sacramento Kings,103.0,Oklahoma City Thunder,99.0,Visitor,Sacramento Kings,4.0
"Tue, May 4, 2021",Toronto Raptors,100.0,Los Angeles Clippers,105.0,Home,Los Angeles Clippers,5.0
"Wed, May 5, 2021",Boston Celtics,132.0,Orlando Magic,96.0,Visitor,Boston Celtics,36.0
"Wed, May 5, 2021",Portland Trail Blazers,141.0,Cleveland Cavaliers,105.0,Visitor,Portland Trail Blazers,36.0
"Wed, May 5, 2021",Phoenix Suns,103.0,Atlanta Hawks,135.0,Home,Atlanta Hawks,32.0
"Wed, May 5, 2021",Philadelphia 76ers,135.0,Houston Rockets,115.0,Visitor,Philadelphia 76ers,20.0
"Wed, May 5, 2021",Sacramento Kings,104.0,Indiana Pacers,93.0,Visitor,Sacramento Kings,11.0
"Wed, May 5, 2021",Washington Wizards,134.0,Milwaukee Bucks,135.0,Home,Milwaukee Bucks,1.0
"Wed, May 5, 2021",Memphis Grizzlies,139.0,Minnesota Timberwolves,135.0,Visitor,Memphis Grizzlies,4.0
"Wed, May 5, 2021",New York Knicks,97.0,Denver Nuggets,113.0,Home,Denver Nuggets,16.0
"Wed, May 5, 2021",San Antonio Spurs,94.0,Utah Jazz,126.0,Home,Utah Jazz,32.0
"Thu, May 6, 2021",Chicago Bulls,120.0,Charlotte Hornets,99.0,Visitor,Chicago Bulls,21.0
"Thu, May 6, 2021",Brooklyn Nets,109.0,Dallas Mavericks,113.0,Home,Dallas Mavericks,4.0
"Thu, May 6, 2021",Washington Wizards,131.0,Toronto Raptors,129.0,Visitor,Washington Wizards,2.0
"Thu, May 6, 2021",Memphis Grizzlies,97.0,Detroit Pistons,111.0,Home,Detroit Pistons,14.0
"Thu, May 6, 2021",Atlanta Hawks,126.0,Indiana Pacers,133.0,Home,Indiana Pacers,7.0
"Thu, May 6, 2021",Oklahoma City Thunder,97.0,Golden State Warriors,118.0,Home,Golden State Warriors,21.0
"Thu, May 6, 2021",Los Angeles Lakers,94.0,Los Angeles Clippers,118.0,Home,Los Angeles Clippers,24.0
"Fri, May 7, 2021",New Orleans Pelicans,107.0,Philadelphia 76ers,109.0,Home,Philadelphia 76ers,2.0
"Fri, May 7, 2021",Boston Celtics,99.0,Chicago Bulls,121.0,Home,Chicago Bulls,22.0
"Fri, May 7, 2021",Orlando Magic,112.0,Charlotte Hornets,122.0,Home,Charlotte Hornets,10.0
"Fri, May 7, 2021",Minnesota Timberwolves,112.0,Miami Heat,121.0,Home,Miami Heat,9.0
"Fri, May 7, 2021",Houston Rockets,133.0,Milwaukee Bucks,141.0,Home,Milwaukee Bucks,8.0
"Fri, May 7, 2021",Cleveland Cavaliers,90.0,Dallas Mavericks,110.0,Home,Dallas Mavericks,20.0
"Fri, May 7, 2021",Denver Nuggets,120.0,Utah Jazz,127.0,Home,Utah Jazz,7.0
"Fri, May 7, 2021",New York Knicks,105.0,Phoenix Suns,128.0,Home,Phoenix Suns,23.0
"Fri, May 7, 2021",Los Angeles Lakers,101.0,Portland Trail Blazers,106.0,Home,Portland Trail Blazers,5.0
"Fri, May 7, 2021",San Antonio Spurs,113.0,Sacramento Kings,104.0,Visitor,San Antonio Spurs,9.0
"Sat, May 8, 2021",Washington Wizards,133.0,Indiana Pacers,132.0,Visitor,Washington Wizards,1.0
"Sat, May 8, 2021",Detroit Pistons,104.0,Philadelphia 76ers,118.0,Home,Philadelphia 76ers,14.0
"Sat, May 8, 2021",Memphis Grizzlies,109.0,Toronto Raptors,99.0,Visitor,Memphis Grizzlies,10.0
"Sat, May 8, 2021",Brooklyn Nets,125.0,Denver Nuggets,119.0,Visitor,Brooklyn Nets,6.0
"Sat, May 8, 2021",Oklahoma City Thunder,97.0,Golden State Warriors,136.0,Home,Golden State Warriors,39.0
"Sat, May 8, 2021",San Antonio Spurs,102.0,Portland Trail Blazers,124.0,Home,Portland Trail Blazers,22.0
"Sat, May 8, 2021",Houston Rockets,116.0,Utah Jazz,124.0,Home,Utah Jazz,8.0
